id;first_name;last_name;email;language
1;Amalie;Folini;afolini0@microsoft.com;Sotho
2;Delaney;Teck;dteck1@yellowbook.com;Macedonian
3;Heloise;Linstead;hlinstead2@yelp.com;Tamil
4;Querida;Mouser;qmouser3@photobucket.com;Fijian
5;Heloise;MacClancey;hmacclancey4@cisco.com;Norwegian
6;Rafferty;Dunnion;rdunnion5@unblog.fr;Assamese
7;Dimitry;Eldred;deldred6@privacy.gov.au;Dutch
8;Jody;Chimes;jchimes7@uol.com.br;Albanian
9;Debra;Franies;dfranies8@reference.com;Montenegrin
10;Wilfrid;Stoneley;wstoneley9@prweb.com;Bengali
11;Francklyn;Wheatley;fwheatleya@biblegateway.com;Bislama
12;Osbourn;Bernardeschi;obernardeschib@trellian.com;Kyrgyz
13;Dianemarie;Castledine;dcastledinec@4shared.com;Papiamento
14;Harriott;Tyson;htysond@ucoz.com;Montenegrin
15;Georgia;Biggerdike;gbiggerdikee@cocolog-nifty.com;Polish
16;Danica;Unwin;dunwinf@surveymonkey.com;Bengali
17;Hortense;Bolesma;hbolesmag@nhs.uk;Bosnian
18;Prue;Packman;ppackmanh@reverbnation.com;Italian
19;Kai;Leek;kleeki@jimdo.com;Catalan
20;Francisca;Neary;fnearyj@statcounter.com;Dari
21;Talia;Darlaston;tdarlastonk@smugmug.com;Indonesian
22;Blondelle;Lohden;blohdenl@ifeng.com;Chinese
23;Lindon;Van Eeden;lvaneedenm@g.co;Thai
24;Nickola;Origan;norigann@liveinternet.ru;Norwegian
25;Nathaniel;Snelson;nsnelsono@so-net.ne.jp;Aymara
26;Blair;Gamwell;bgamwellp@craigslist.org;Kannada
27;Roslyn;Ambrodi;rambrodiq@furl.net;Kannada
28;Maggie;Yantsurev;myantsurevr@squidoo.com;Tswana
29;Benetta;Viccary;bviccarys@arstechnica.com;Georgian
30;Valentia;Craigg;vcraiggt@123-reg.co.uk;Gagauz
31;Curt;Polglase;cpolglaseu@storify.com;Arabic
32;Imogene;Shurmer;ishurmerv@shutterfly.com;Oriya
33;Vassily;Kervin;vkervinw@unc.edu;Norwegian
34;Chucho;Weeds;cweedsx@cbsnews.com;Portuguese
35;Harmon;Winridge;hwinridgey@squidoo.com;Indonesian
36;Sheelah;Peiro;speiroz@vinaora.com;Croatian
37;Delilah;McCloy;dmccloy10@skyrock.com;Dhivehi
38;Orel;Daelman;odaelman11@amazonaws.com;Dhivehi
39;Debbie;Tomkinson;dtomkinson12@nbcnews.com;Malayalam
40;Jolene;Rosenfield;jrosenfield13@nationalgeographic.com;Romanian
41;Winnie;Killner;wkillner14@digg.com;Greek
42;Alis;Symms;asymms15@who.int;Azeri
43;Hussein;Ponter;hponter16@scribd.com;Hebrew
44;Bird;Downing;bdowning17@artisteer.com;Montenegrin
45;Ragnar;Mulvany;rmulvany18@yellowpages.com;West Frisian
46;Hurlee;Donnellan;hdonnellan19@slashdot.org;Khmer
47;Fritz;Brockbank;fbrockbank1a@springer.com;Amharic
48;Llywellyn;Anshell;lanshell1b@fda.gov;Haitian Creole
49;Berry;Downing;bdowning1c@tripod.com;Montenegrin
50;Erin;Sidgwick;esidgwick1d@squarespace.com;Papiamento
51;Alane;Mathonnet;amathonnet1e@acquirethisname.com;Polish
52;Eva;Bysshe;ebysshe1f@ca.gov;Hindi
53;Wolf;Salt;wsalt1g@google.es;Hebrew
54;Laughton;Cossins;lcossins1h@tuttocitta.it;Lao
55;Pepita;Crossgrove;pcrossgrove1i@woothemes.com;Somali
56;Viola;Reast;vreast1j@example.com;Fijian
57;Petrina;Martusewicz;pmartusewicz1k@jugem.jp;Tok Pisin
58;Cassondra;Potteril;cpotteril1l@tamu.edu;Bosnian
59;Isidoro;Dilliston;idilliston1m@wufoo.com;Pashto
60;Tedd;Cramond;tcramond1n@virginia.edu;Romanian
61;Germana;Verryan;gverryan1o@goodreads.com;Azeri
62;Salomone;Botright;sbotright1p@nbcnews.com;Malay
63;Cahra;Mathwen;cmathwen1q@joomla.org;Tswana
64;Tanney;Rosel;trosel1r@exblog.jp;Mongolian
65;Claiborn;Remon;cremon1s@jugem.jp;Tok Pisin
66;Karolina;Eddis;keddis1t@ihg.com;Lao
67;Derrik;Pead;dpead1u@skyrock.com;Swati
68;Zarah;Sneesbie;zsneesbie1v@yahoo.com;Romanian
69;Konstanze;Tizard;ktizard1w@xinhuanet.com;Korean
70;Eugine;Kiefer;ekiefer1x@engadget.com;Aymara
71;Kimmi;Mugglestone;kmugglestone1y@cpanel.net;Latvian
72;Kaine;Ashpole;kashpole1z@bbc.co.uk;Macedonian
73;Albert;Pulhoster;apulhoster20@facebook.com;Guaraní
74;Emmi;Milillo;emilillo21@seattletimes.com;Zulu
75;Guglielmo;Lismer;glismer22@opensource.org;West Frisian
76;Reinaldo;McCullock;rmccullock23@goo.gl;Swati
77;Netta;Ordish;nordish24@nydailynews.com;Danish
78;Tamar;Crawforth;tcrawforth25@wufoo.com;Danish
79;Enid;Test;etest26@elegantthemes.com;Kannada
80;Nichol;Snelman;nsnelman27@behance.net;New Zealand Sign Language
81;Georgena;Dowse;gdowse28@yellowpages.com;Finnish
82;Kendal;Glowinski;kglowinski29@fema.gov;Danish
83;Hinze;Medd;hmedd2a@angelfire.com;Icelandic
84;Robbie;Harwick;rharwick2b@ucoz.ru;Marathi
85;Allene;Gold;agold2c@cisco.com;Bengali
86;Flint;Rapier;frapier2d@ovh.net;Malagasy
87;Tremaine;MacCague;tmaccague2e@exblog.jp;Māori
88;Tobie;Dumbellow;tdumbellow2f@de.vu;English
89;Regan;Cottey;rcottey2g@earthlink.net;French
90;Paul;Rammell;prammell2h@psu.edu;Japanese
91;Norene;Besque;nbesque2i@joomla.org;Georgian
92;Mireille;Copestake;mcopestake2j@netlog.com;Māori
93;Bernette;Lacasa;blacasa2k@noaa.gov;Romanian
94;Ginni;Georgel;ggeorgel2l@imageshack.us;Ndebele
95;Tamiko;Prigg;tprigg2m@wix.com;Burmese
96;Fulton;Dunk;fdunk2n@vinaora.com;Persian
97;Philippa;Stockill;pstockill2o@blogger.com;Maltese
98;Maia;Eberst;meberst2p@accuweather.com;Moldovan
99;Quentin;Robley;qrobley2q@ebay.com;Japanese
100;Rosalie;Sire;rsire2r@github.io;Marathi
101;Stacie;Barnsley;sbarnsley2s@ezinearticles.com;Danish
102;Prisca;Kendle;pkendle2t@spotify.com;Armenian
103;Damon;Newhouse;dnewhouse2u@dedecms.com;Albanian
104;Gilberto;Charte;gcharte2v@engadget.com;Telugu
105;Gaston;Keeton;gkeeton2w@mashable.com;Tetum
106;Shawn;Gladman;sgladman2x@unicef.org;Luxembourgish
107;Ardith;Philo;aphilo2y@usda.gov;Indonesian
108;Hedvig;Compton;hcompton2z@springer.com;Belarusian
109;Ardene;Gierardi;agierardi30@wikimedia.org;Haitian Creole
110;Imogene;Gerard;igerard31@washingtonpost.com;Quechua
111;Roselin;Wookey;rwookey32@mashable.com;Aymara
112;Patricio;Heijne;pheijne33@sakura.ne.jp;Oriya
113;Evey;Cardenas;ecardenas34@sogou.com;Somali
114;Elga;Pennings;epennings35@geocities.jp;Arabic
115;Nerte;Gabrieli;ngabrieli36@latimes.com;Tok Pisin
116;Jemmy;Beresfore;jberesfore37@lycos.com;Burmese
117;Marie-ann;Creamen;mcreamen38@businessweek.com;Dhivehi
118;Laural;Digance;ldigance39@issuu.com;Irish Gaelic
119;Pammi;Ugolini;pugolini3a@xing.com;Nepali
120;Yanaton;Skain;yskain3b@ehow.com;Georgian
121;Cora;Cardenoza;ccardenoza3c@g.co;Assamese
122;Alayne;D'Hooghe;adhooghe3d@hao123.com;Hungarian
123;Solly;Kyteley;skyteley3e@wufoo.com;Swahili
124;Harwilll;Sergison;hsergison3f@google.co.uk;Norwegian
125;Gareth;Lundbech;glundbech3g@washington.edu;Northern Sotho
126;Zena;Cresser;zcresser3h@cdc.gov;Swedish
127;Sharlene;Eubank;seubank3i@barnesandnoble.com;Quechua
128;Esme;Sollars;esollars3j@instagram.com;Hungarian
129;Brooke;Butting;bbutting3k@mashable.com;Bengali
130;Zach;Duding;zduding3l@360.cn;Estonian
131;Willi;Hinrich;whinrich3m@hud.gov;Swahili
132;Maire;Touret;mtouret3n@amazon.com;Belarusian
133;Annalee;Le-Good;alegood3o@mail.ru;Marathi
134;Darrel;Oulett;doulett3p@amazon.com;Danish
135;Marcille;Itzkov;mitzkov3q@buzzfeed.com;Arabic
136;Francyne;Scoullar;fscoullar3r@independent.co.uk;Portuguese
137;Fenelia;Dunleavy;fdunleavy3s@opera.com;Kurdish
138;Cordie;Sansbury;csansbury3t@sitemeter.com;Nepali
139;Sigismund;Kirsopp;skirsopp3u@spotify.com;Finnish
140;Maurizio;Grunson;mgrunson3v@goodreads.com;Aymara
141;Rodd;Swainsbury;rswainsbury3w@icio.us;Greek
142;Von;Piele;vpiele3x@msu.edu;Catalan
143;Drugi;Gosalvez;dgosalvez3y@mysql.com;Amharic
144;Sybyl;MacVay;smacvay3z@time.com;Georgian
145;Nerte;Torel;ntorel40@auda.org.au;Gagauz
146;Laraine;Gronw;lgronw41@nasa.gov;Marathi
147;Dwayne;Cammock;dcammock42@cnet.com;English
148;Ike;Casement;icasement43@paginegialle.it;Irish Gaelic
149;Jobie;MacIllrick;jmacillrick44@meetup.com;Guaraní
150;Redd;Hegerty;rhegerty45@toplist.cz;Filipino
151;Nyssa;Pennycuick;npennycuick46@mashable.com;Kurdish
152;Arlan;Bushby;abushby47@ucoz.ru;Malay
153;Lily;Angerstein;langerstein48@columbia.edu;Albanian
154;Dallas;Piscotti;dpiscotti49@imgur.com;Kyrgyz
155;Stanislaw;Doggrell;sdoggrell4a@weibo.com;Estonian
156;Haley;Pakeman;hpakeman4b@npr.org;Ndebele
157;Brittni;Pretty;bpretty4c@simplemachines.org;Bosnian
158;Chantalle;Perrie;cperrie4d@tinyurl.com;Tajik
159;Myrta;Epinoy;mepinoy4e@yale.edu;Greek
160;Joleen;Pinchen;jpinchen4f@fastcompany.com;Filipino
161;Talya;Clancey;tclancey4g@themeforest.net;West Frisian
162;Antonino;Damarell;adamarell4h@scientificamerican.com;Swedish
163;Roley;Strooband;rstrooband4i@upenn.edu;Swati
164;Emmery;Stent;estent4j@miitbeian.gov.cn;Polish
165;Chickie;Hlavecek;chlavecek4k@opera.com;Tajik
166;Pauline;Flageul;pflageul4l@liveinternet.ru;French
167;Miles;Seth;mseth4m@java.com;Nepali
168;Micaela;Dafter;mdafter4n@macromedia.com;Pashto
169;Justinn;Roussel;jroussel4o@cdbaby.com;Mongolian
170;Kitti;Kropp;kkropp4p@nytimes.com;Aymara
171;Felicle;Ferrieri;fferrieri4q@google.ca;Haitian Creole
172;Noelle;Goodship;ngoodship4r@over-blog.com;Punjabi
173;Natalie;Compston;ncompston4s@paypal.com;Indonesian
174;Blake;Warrell;bwarrell4t@ucla.edu;Dzongkha
175;Amara;Emanuel;aemanuel4u@nyu.edu;Portuguese
176;Robina;Pomeroy;rpomeroy4v@tripadvisor.com;Telugu
177;Catriona;Hatchard;chatchard4w@ihg.com;Gagauz
178;Martainn;Drohane;mdrohane4x@newsvine.com;Norwegian
179;Roshelle;MacScherie;rmacscherie4y@unesco.org;Macedonian
180;Noll;Farlowe;nfarlowe4z@nasa.gov;Belarusian
181;Angelica;Covert;acovert50@angelfire.com;Telugu
182;Daile;Pavlenkov;dpavlenkov51@discovery.com;English
183;Debora;Cownden;dcownden52@abc.net.au;Guaraní
184;Gates;Sidgwick;gsidgwick53@delicious.com;Ndebele
185;Milka;Gauntley;mgauntley54@newyorker.com;Azeri
186;Lori;Billanie;lbillanie55@wikispaces.com;Montenegrin
187;Hort;Mowett;hmowett56@si.edu;Bulgarian
188;Deeyn;Borham;dborham57@histats.com;Ndebele
189;Patricia;Haly;phaly58@washingtonpost.com;Malagasy
190;Obie;Kubala;okubala59@yahoo.com;Montenegrin
191;Randie;Quarton;rquarton5a@usnews.com;Tamil
192;Avrit;Staves;astaves5b@wikispaces.com;Somali
193;Lilly;Musslewhite;lmusslewhite5c@cloudflare.com;Catalan
194;Conant;Dimmick;cdimmick5d@tumblr.com;French
195;Vikky;Gynn;vgynn5e@tmall.com;Dutch
196;Roch;Carneck;rcarneck5f@plala.or.jp;New Zealand Sign Language
197;Gianina;Leban;gleban5g@blogs.com;Thai
198;Brooke;Lundie;blundie5h@amazon.co.jp;Finnish
199;Sibby;Shrimptone;sshrimptone5i@japanpost.jp;Malagasy
200;Binni;Hizir;bhizir5j@cpanel.net;Dari
201;Hayden;Flegg;hflegg5k@wikispaces.com;Kannada
202;Pierce;Balcombe;pbalcombe5l@newsvine.com;Czech
203;Marmaduke;Gladdish;mgladdish5m@gravatar.com;Kyrgyz
204;Blair;Duckit;bduckit5n@hc360.com;Somali
205;Dniren;Brandel;dbrandel5o@last.fm;Kannada
206;Agatha;Bruineman;abruineman5p@chronoengine.com;Dari
207;Rosy;Amery;ramery5q@omniture.com;New Zealand Sign Language
208;Kris;Bronot;kbronot5r@weebly.com;Tswana
209;Rosaleen;Skullet;rskullet5s@columbia.edu;Tswana
210;Stephana;Kertess;skertess5t@soundcloud.com;Georgian
211;Druci;D'Alessio;ddalessio5u@tripod.com;Georgian
212;Holly;Childers;hchilders5v@feedburner.com;Maltese
213;Loydie;Brewitt;lbrewitt5w@dell.com;Somali
214;Dyane;Coffelt;dcoffelt5x@springer.com;Guaraní
215;Karin;Thorrington;kthorrington5y@creativecommons.org;Kannada
216;Daisey;Guidi;dguidi5z@loc.gov;Polish
217;Constance;Spanswick;cspanswick60@nyu.edu;Persian
218;Sara-ann;Varvell;svarvell61@newyorker.com;Estonian
219;Oralla;Kyme;okyme62@amazon.co.uk;Somali
220;Meris;Mainland;mmainland63@friendfeed.com;Burmese
221;Franky;Fowles;ffowles64@cargocollective.com;Pashto
222;Cilka;Kinkead;ckinkead65@mediafire.com;Tswana
223;Verene;Ondracek;vondracek66@about.com;Dutch
224;Ainsley;Falshaw;afalshaw67@ehow.com;Chinese
225;Trudie;McPhail;tmcphail68@omniture.com;Albanian
226;Alyssa;Volette;avolette69@friendfeed.com;Tajik
227;Kathi;Naul;knaul6a@ed.gov;West Frisian
228;Anthiathia;MacGinlay;amacginlay6b@devhub.com;Czech
229;Haslett;O'Donnell;hodonnell6c@ucoz.ru;Mongolian
230;Mitchael;Phateplace;mphateplace6d@arstechnica.com;Kashmiri
231;Ernesto;Sarch;esarch6e@delicious.com;Hiri Motu
232;Lida;Rentcome;lrentcome6f@omniture.com;Estonian
233;Nadine;Redparth;nredparth6g@mysql.com;Belarusian
234;Sydney;Vasilkov;svasilkov6h@utexas.edu;Aymara
235;Morse;Boustead;mboustead6i@weebly.com;Maltese
236;Sergent;Braben;sbraben6j@spiegel.de;Nepali
237;Guilbert;Bohje;gbohje6k@rediff.com;Kannada
238;Bentlee;Poxon;bpoxon6l@cargocollective.com;Guaraní
239;Melita;Oulet;moulet6m@java.com;Tsonga
240;Archaimbaud;Stainson;astainson6n@goo.ne.jp;Catalan
241;Rodrique;O'Hearn;rohearn6o@economist.com;Azeri
242;Eda;Kneel;ekneel6p@webnode.com;Macedonian
243;Idette;Lewsy;ilewsy6q@example.com;Malayalam
244;Alard;Garrould;agarrould6r@freewebs.com;French
245;Dud;Filchakov;dfilchakov6s@google.es;Swahili
246;Kaylyn;Gulberg;kgulberg6t@goodreads.com;Icelandic
247;Bengt;Fellman;bfellman6u@wordpress.com;Swahili
248;Ethelind;Dorracott;edorracott6v@census.gov;Hungarian
249;Francois;Husk;fhusk6w@nbcnews.com;Telugu
250;Julianne;Cancellario;jcancellario6x@ucoz.com;Dzongkha
251;Corilla;Janssen;cjanssen6y@yellowpages.com;Belarusian
252;Deb;Preene;dpreene6z@bizjournals.com;Bulgarian
253;Reeva;Hazart;rhazart70@cpanel.net;Bulgarian
254;Zarah;Broxap;zbroxap71@360.cn;Dzongkha
255;Reinwald;Deaville;rdeaville72@flickr.com;Arabic
256;Hortense;Keave;hkeave73@nytimes.com;Nepali
257;Maxine;Gooderson;mgooderson74@jiathis.com;Swedish
258;Robers;Crossfeld;rcrossfeld75@blogger.com;Quechua
259;Kevyn;Bartleet;kbartleet76@sciencedirect.com;Quechua
260;Allx;Covelle;acovelle77@va.gov;English
261;Sergio;Ornelas;sornelas78@ycombinator.com;Armenian
262;Tracee;Spurgin;tspurgin79@constantcontact.com;Romanian
263;Mariann;Droghan;mdroghan7a@google.es;Georgian
264;Mora;Swinnerton;mswinnerton7b@1und1.de;Malay
265;Wilek;Dinning;wdinning7c@ask.com;Aymara
266;Arleta;Surphliss;asurphliss7d@about.com;Bosnian
267;Deanne;Yousef;dyousef7e@exblog.jp;Macedonian
268;Bernie;Enric;benric7f@sohu.com;Danish
269;Denna;Stuer;dstuer7g@cornell.edu;Italian
270;Bond;Pudan;bpudan7h@canalblog.com;Sotho
271;Mellisa;Killelay;mkillelay7i@buzzfeed.com;Macedonian
272;Concettina;Fenner;cfenner7j@google.nl;Papiamento
273;Keven;Mulles;kmulles7k@mozilla.org;Tok Pisin
274;Sloan;Julien;sjulien7l@samsung.com;Amharic
275;Celie;Deesly;cdeesly7m@tmall.com;Polish
276;Wald;Woltman;wwoltman7n@reverbnation.com;Yiddish
277;Ric;Ledekker;rledekker7o@weebly.com;French
278;Lynnett;Jacobsohn;ljacobsohn7p@adobe.com;Haitian Creole
279;Gertrude;Elnor;gelnor7q@webmd.com;Thai
280;Karlotta;Grosier;kgrosier7r@github.io;Tetum
281;Lebbie;Lorkings;llorkings7s@jugem.jp;Finnish
282;Mellie;Woodhead;mwoodhead7t@phoca.cz;Dzongkha
283;Vincenz;Budd;vbudd7u@bluehost.com;Belarusian
284;Ingemar;Dunne;idunne7v@purevolume.com;Malay
285;Palm;Mosco;pmosco7w@cmu.edu;Tswana
286;Faydra;Brende;fbrende7x@twitter.com;Gagauz
287;Mahmoud;Richings;mrichings7y@who.int;Irish Gaelic
288;Horatia;Gorrissen;hgorrissen7z@cloudflare.com;Swahili
289;Weider;McQuilkin;wmcquilkin80@hp.com;Pashto
290;Tiler;Juszczak;tjuszczak81@delicious.com;Aymara
291;Shirley;Winkle;swinkle82@sphinn.com;Amharic
292;Shepherd;Krinks;skrinks83@netlog.com;Icelandic
293;Dionysus;Waslin;dwaslin84@google.co.jp;Czech
294;Hally;Casella;hcasella85@cpanel.net;Azeri
295;Maurene;Escoffrey;mescoffrey86@ucsd.edu;Bulgarian
296;Kareem;Zorzutti;kzorzutti87@indiegogo.com;Māori
297;Gates;Megainey;gmegainey88@freewebs.com;Tetum
298;Cara;Kingcote;ckingcote89@deviantart.com;Zulu
299;Alvie;Sidnell;asidnell8a@over-blog.com;Kyrgyz
300;Hobard;Baybutt;hbaybutt8b@thetimes.co.uk;Armenian
301;Gerard;Abrams;gabrams8c@barnesandnoble.com;Dutch
302;Sacha;McGloin;smcgloin8d@ow.ly;Estonian
303;Arlan;Lafford;alafford8e@arizona.edu;Papiamento
304;Brandais;Antoniewski;bantoniewski8f@arstechnica.com;Greek
305;Izaak;Geal;igeal8g@ft.com;Tamil
306;Fawnia;O' Reagan;foreagan8h@issuu.com;Montenegrin
307;Louella;Beneteau;lbeneteau8i@lycos.com;Punjabi
308;Skelly;Bonny;sbonny8j@facebook.com;Chinese
309;Lanna;Moth;lmoth8k@ftc.gov;Maltese
310;Mortie;Corradengo;mcorradengo8l@ifeng.com;Tswana
311;Bronny;Hynard;bhynard8m@cyberchimps.com;Italian
312;Gustav;Rosetti;grosetti8n@yahoo.com;Hiri Motu
313;Jackqueline;Worster;jworster8o@archive.org;Khmer
314;Tiffi;Fowgies;tfowgies8p@pagesperso-orange.fr;Kazakh
315;Tate;Gourley;tgourley8q@ihg.com;Spanish
316;Trefor;Bladen;tbladen8r@fastcompany.com;Aymara
317;Lenka;Durban;ldurban8s@blogs.com;Burmese
318;Wang;Larchiere;wlarchiere8t@telegraph.co.uk;Czech
319;Daile;Bryde;dbryde8u@state.gov;Azeri
320;Antonino;Lurcock;alurcock8v@google.ru;Malay
321;Linn;Ramme;lramme8w@baidu.com;Ndebele
322;Claus;Kuhne;ckuhne8x@edublogs.org;Quechua
323;Marcel;Laddle;mladdle8y@parallels.com;Gujarati
324;Pyotr;Flemyng;pflemyng8z@ucla.edu;Japanese
325;Ximenes;Edlington;xedlington90@ebay.com;Macedonian
326;Filia;Barby;fbarby91@wisc.edu;Quechua
327;Raimundo;Barstowk;rbarstowk92@deviantart.com;Sotho
328;Lois;Moscon;lmoscon93@google.es;Haitian Creole
329;Orren;Kerner;okerner94@amazon.co.uk;Tamil
330;Toby;McKnockiter;tmcknockiter95@walmart.com;Korean
331;Fancie;Rochester;frochester96@4shared.com;Afrikaans
332;Ashleigh;Danielian;adanielian97@apache.org;Belarusian
333;Chucho;Horry;chorry98@cyberchimps.com;Moldovan
334;Maggee;Hucquart;mhucquart99@t.co;English