title,artist,genre
Sunrise,Norah Jones,adult standards
Black Night,Deep Purple,album rock
Clint Eastwood,Gorillaz,alternative hip hop
The Pretender,Foo Fighters,alternative metal
Waitin' On A Sunny Day,Bruce Springsteen,classic rock
The Road Ahead (Miles Of The Unknown),City To City,alternative pop rock
She Will Be Loved,Maroon 5,pop
Knights of Cydonia,Muse,modern rock
Mr. Brightside,The Killers,modern rock
Without Me,Eminem,detroit hip hop
Love Me Tender,Elvis Presley,adult standards
Seven Nation Army,The White Stripes,alternative rock
Als Het Golft,De Dijk,dutch indie
I'm going home,Ten Years After,album rock
Fluorescent Adolescent,Arctic Monkeys,garage rock
Zonder Jou,Paul de Leeuw,dutch cabaret
Speed of Sound,Coldplay,permanent wave
Uninvited,Alanis Morissette,alternative rock
Music,John Miles,classic uk pop
Cry Me a River,Justin Timberlake,dance pop
Fix You,Coldplay,permanent wave
The Cave,Mumford & Sons,modern folk rock
Als De Morgen Is Gekomen,Jan Smit,dutch pop
Somebody Told Me,The Killers,modern rock
Dichterbij Dan Ooit,BLØF,dutch pop
Miracle,Ilse DeLange,dutch americana
Smokers Outside the Hospital Doors,Editors,alternative dance
Cleanin' Out My Closet,Eminem,detroit hip hop
Der Weg,Herbert Grönemeyer,german pop
7 Seconds (feat. Neneh Cherry),Youssou N'Dour,afropop
The Scientist,Coldplay,permanent wave
Big Log - 2006 Remaster,Robert Plant,album rock
Chasing Pavements,Adele,british soul
Don't Know Why,Norah Jones,adult standards
Tears Dry On Their Own,Amy Winehouse,british soul
The Eyes of Jenny,Sandy Coast,classic uk pop
Iris,The Goo Goo Dolls,alternative rock
The Saints Are Coming,U2,irish rock
All My Life,Foo Fighters,alternative metal
De Weg,Guus Meeuwis,dutch pop
Don't Let Me Be Misunderstood,Santa Esmeralda,disco
Traffic - Radio Edit,Tiësto,big room
Take Me Out,Franz Ferdinand,alternative rock
American Idiot,Green Day,modern rock
Breaking the Habit,Linkin Park,alternative metal
Come Undone,Robbie Williams,dance pop
Sweet Jane,Lou Reed,art rock
Run,Snow Patrol,irish rock
"You're The First, The Last, My Everything",Barry White,adult standards
The Day After Tomorrow,Saybia,danish pop rock
Just Breathe,Pearl Jam,alternative rock
Dansen Aan Zee,BLØF,dutch pop
Goodbye My Lover,James Blunt,neo mellow
The Unforgiven III,Metallica,alternative metal
Hurt,Christina Aguilera,dance pop
Grounds for Divorce,Elbow,britpop
Sometimes You Can't Make It On Your Own,U2,irish rock
"Listen (From the Motion Picture ""Dreamgirls"")",Beyoncé,dance pop
I Want It That Way,Backstreet Boys,boy band
Goin To The Run,Golden Earring,album rock
De Neus Umhoeg,Rowwen Hèze,carnaval limburg
Solitary Man,Johnny Cash,arkansas country
Smoorverliefd,Doe Maar,dutch cabaret
Me Gustas Tu,Manu Chao,latin alternative
Kryptonite,3 Doors Down,alternative metal
Crazy,Seal,british soul
Family Portrait,P!nk,dance pop
In The Army Now,Status Quo,album rock
I Surrender,Saybia,danish pop rock
Maybe Tomorrow,Stereophonics,britpop
Make You Feel My Love,Adele,british soul
No One Knows,Queens of the Stone Age,alternative metal
Where Do You Go To (My Lovely) - Re-Recorded,Peter Sarstedt,british folk
The Wild Rover,The Dubliners,celtic
Little Lion Man,Mumford & Sons,modern folk rock
Dirty Diana,Michael Jackson,pop
Ne me quitte pas,Jacques Brel,chanson
Sad Man's Tongue,Volbeat,alternative metal
Wat Zou Je Doen - Live,Marco Borsato,dutch cabaret
One Day Like This,Elbow,britpop
Bagagedrager,Spinvis,dutch indie
Wêr Bisto,Twarres,dutch pop
Only Time,Enya,celtic
Sorry Seems To Be The Hardest Word,Blue,boy band
Self Esteem,The Offspring,alternative metal
Aanzoek Zonder Ringen,BLØF,dutch pop
Modern World,Anouk,dutch indie
Rosie,Claw Boys Claw,dutch indie
This Is Not America - 2002 Remaster,David Bowie,album rock
Times Like These,Foo Fighters,alternative metal
De Vondeling Van Ameland,Boudewijn de Groot,dutch indie
I'm Gonna Be (500 Miles),The Proclaimers,celtic rock
Afscheid Nemen Bestaat Niet,Marco Borsato,dutch cabaret
Blauwe Ruis,BLØF,dutch pop
Limburg - Live,Rowwen Hèze,carnaval limburg
21 Guns,Green Day,modern rock
Valerie (feat. Amy Winehouse) - Version Revisited,Mark Ronson,dance pop
Blaosmuziek,Gé Reinders,carnaval limburg
Binnen,Marco Borsato,dutch cabaret
Motorcycle Emptiness,Manic Street Preachers,alternative rock
In the End,Linkin Park,alternative metal
Halt mich,Herbert Grönemeyer,german pop
Girl,Anouk,dutch indie
"Trapped - Live at Meadowlands Arena, E. Rutherford, NJ - August 1984",Bruce Springsteen,classic rock
Ik Wou Dat Ik Jou Was,Veldhuis & Kemper,dutch cabaret
Empire State of Mind (Part II) Broken Down,Alicia Keys,hip pop
Numb / Encore,JAY-Z,east coast hip hop
Ben Ik Te Min,Armand,dutch rock
All Summer Long,Kid Rock,alternative metal
Forever Autumn,Jeff Wayne,classic uk pop
Waiting On the World to Change,John Mayer,neo mellow
Everybody's Changing,Keane,modern rock
How to Save a Life,The Fray,modern rock
"Bloed, Zweet En Tranen",Andre Hazes,dutch pop
"Lose Yourself - From ""8 Mile"" Soundtrack",Eminem,detroit hip hop
Europa (Earth's Cry Heaven's Smile),Santana,blues rock
Feeling Good,Muse,modern rock
"Harder, Better, Faster, Stronger",Daft Punk,electro
Use Somebody,Kings of Leon,modern rock
Sweet Disposition,The Temper Trap,alternative dance
Single Ladies (Put a Ring on It),Beyoncé,dance pop
You're the Voice,John Farnham,australian pop
Voltooid Verleden Tijd,IOS,dutch pop
Eternal Flame,The Bangles,album rock
Papa Was A Rolling Stone,The Temptations,adult standards
Crazy In Love (feat. Jay-Z),Beyoncé,dance pop
Best of You,Foo Fighters,alternative metal
Daughters,John Mayer,neo mellow
De wedstrijd,Bram Vermeulen,belgian rock
Papillon,Editors,alternative dance
Sadeness,Enigma,downtempo
Red Mij Niet - Single Edit,Maarten Van Roozendaal,dutch indie
Love Is A Losing Game,Amy Winehouse,british soul
Zij,Marco Borsato,dutch cabaret
Tribute,Tenacious D,alternative metal
You Know I'm No Good,Amy Winehouse,british soul
Talk,Coldplay,permanent wave
Love Is A Battlefield,Pat Benatar,album rock
Home,Michael Bublé,adult standards
Sonne,Rammstein,alternative metal
I Gotta Feeling,The Black Eyed Peas,dance pop
She Sells Sanctuary,The Cult,album rock
Alie,Normaal,dutch rock
Red Red Wine,UB40,reggae fusion
A Little Less Conversation - JXL Radio Edit Remix,Elvis Presley,adult standards
Love You More,Racoon,dutch indie
Old Man,Neil Young,album rock
Zij Maakt Het Verschil,De Poema's,dutch pop
I Want To Hold Your Hand - Remastered 2015,The Beatles,british invasion
Black Magic Woman,Santana,blues rock
Set The Fire To The Third Bar,Snow Patrol,irish rock
Ghost Love Score,Nightwish,finnish metal
Going To A Town,Rufus Wainwright,canadian pop
Is Dit Alles,Doe Maar,dutch cabaret
A Gentleman's Excuse Me,Fish,album rock
God Put a Smile upon Your Face,Coldplay,permanent wave
Heartbreak Warfare,John Mayer,neo mellow
Sailing to Philadelphia,Mark Knopfler,classic rock
Accidentally In Love,Counting Crows,alternative rock
It's Raining Men,The Weather Girls,disco
One Word,Anouk,dutch indie
Goodnight Saigon,Billy Joel,album rock
Moonlight Shadow,Mike Oldfield,album rock
Zing - Vecht - Huil - Bid - Lach - Werk En Bewonder,Ramses Shaffy,dutch cabaret
Uprising,Muse,modern rock
My Immortal,Evanescence,alternative metal
Feel Like Flying,Racoon,dutch indie
Everything,Michael Bublé,adult standards
Hey There Delilah,Plain White T's,neo mellow
Speeltuin,Marco Borsato,dutch cabaret
"Comptine d'un autre été, l'après-midi",Yann Tiersen,bow pop
Sweet Goodbyes,Krezip,dutch indie
The Man Who Can't Be Moved,The Script,celtic rock
"Free Fallin' - Live at the Nokia Theatre, Los Angeles, CA - December 2007",John Mayer,neo mellow
Halo,Beyoncé,dance pop
Hollereer,De Jeugd Van Tegenwoordig,dutch hip hop
Hier,BLØF,dutch pop
Ice Queen,Within Temptation,dutch metal
Another 45 Miles,Golden Earring,album rock
Like a Hurricane - 2003 Remaster,Neil Young,album rock
Father & Friend,Alain Clark,dutch pop
"(I've Had) The Time of My Life - From ""Dirty Dancing"" Soundtrack",Bill Medley,soft rock
The Blower's Daughter,Damien Rice,acoustic pop
Magnificent,U2,irish rock
Virtual Insanity - Remastered,Jamiroquai,acid jazz
Belle Hélène,Doe Maar,dutch cabaret
Go With The Flow,Queens of the Stone Age,alternative metal
Sound Of The Screameng Day,Golden Earrings,dutch prog
Plug in Baby,Muse,modern rock
Heavy Cross,Gossip,alternative dance
Nederwiet,Doe Maar,dutch cabaret
Heart Of Glass,Blondie,candy pop
The Real Slim Shady,Eminem,detroit hip hop
Stuck In A Moment You Can't Get Out Of,U2,irish rock
Tumble and Fall,JOHAN,dutch indie
Les lacs du Connemara,Michel Sardou,chanson
Hier Kom Ik Weg,Daniël Lohues,dutch indie
Starlight,Muse,modern rock
Dakota,Stereophonics,britpop
Time To Say Goodbye (Con Te Partirò),Sarah Brightman,operatic pop
Green Eyes,Coldplay,permanent wave
Silence (feat. Sarah McLachlan) - DJ Tiësto's In Search of Sunrise Edit,Delerium,trance
De Kapitein Deel II,Acda en de Munnik,dutch cabaret
Supermassive Black Hole,Muse,modern rock
Pak Maar M'n Hand,Nick & Simon,dutch pop
De Bom,Doe Maar,dutch cabaret
Bombay,Golden Earring,album rock
Mary Jane's Last Dance,Tom Petty and the Heartbreakers,album rock
Oerend Hard,Normaal,dutch rock
Society,Eddie Vedder,permanent wave
White Flag,Dido,dance pop
Heaven Must Be Missing An Angel - Pt. 1,Tavares,adult standards
Wake Me up When September Ends,Green Day,modern rock
Can't Stop,Red Hot Chili Peppers,alternative rock
Driving Home for Christmas,Chris Rea,art rock
Mutter,Rammstein,alternative metal
Pa,Doe Maar,dutch cabaret
Blauw,The Scene,belgian rock
Spicks And Specks,Bee Gees,adult standards
Stan,Eminem,detroit hip hop
Beautiful,Christina Aguilera,dance pop
Gravity,John Mayer,neo mellow
Leave the Light On,Beth Hart,blues rock
Ruthless Queen,Kayak,dutch prog
Everlong - Acoustic Version,Foo Fighters,alternative metal
Here Without You,3 Doors Down,alternative metal
One,Mary J. Blige,dance pop
Mijn Houten Hart,De Poema's,dutch pop
Mad World (Feat. Michael Andrews),Gary Jules,neo mellow
Sinds 1 Dag Of 2 (32 Jaar),Doe Maar,dutch cabaret
Feeling Good,Michael Bublé,adult standards
The Wall Street Shuffle,10cc,album rock
Song 2,Blur,alternative rock
I Would Stay,Krezip,dutch indie
Piano Man,Billy Joel,album rock
Fireflies,Owl City,pop
Lost,Anouk,dutch indie
Woman,Wolfmother,alternative rock
Where Is The Love?,The Black Eyed Peas,dance pop
Yellow,Coldplay,permanent wave
This Is The Life,Amy Macdonald,scottish singer-songwriter
Wicked Game,Chris Isaak,mellow gold
Breakeven,The Script,celtic rock
Not An Addict,K's Choice,alternative pop
So Incredible,Ilse DeLange,dutch americana
Mr Rock & Roll,Amy Macdonald,scottish singer-songwriter
Will You Be There - Single Version,Michael Jackson,pop
Vlinder,Rowwen Hèze,carnaval limburg
Cambodia,Kim Wilde,dance pop
Back To Black,Amy Winehouse,british soul
Dochters,Marco Borsato,dutch cabaret
Hocus Pocus,Focus,album rock
Mensch,Herbert Grönemeyer,german pop
Amsterdam,Coldplay,permanent wave
Time Is Running Out,Muse,modern rock
Rain Down on Me,Kane,dutch pop
Denis,Blondie,candy pop
Hometown Glory,Adele,british soul
Live And Let Die - Live,Paul McCartney,album rock
I Still Cry,Ilse DeLange,dutch americana
Ren Lenny Ren,Acda en de Munnik,dutch cabaret
In My Place,Coldplay,permanent wave
Numb,Linkin Park,alternative metal
Slow Dancing in a Burning Room,John Mayer,neo mellow
Empire State Of Mind,JAY-Z,east coast hip hop
Drops of Jupiter,Train,dance pop
Omarm,BLØF,dutch pop
(What A) Wonderful World,Sam Cooke,adult standards
Teardrops,Womack & Womack,disco
The Rising,Bruce Springsteen,classic rock
Snow (Hey Oh),Red Hot Chili Peppers,alternative rock
I Don't Wanna Hurt,Anouk,dutch indie
Ordinary People,John Legend,neo mellow
Iedereen Is Van De Wereld,The Scene,belgian rock
Gold,Spandau Ballet,dance rock
All Night Long (All Night) - Single Version,Lionel Richie,adult standards
Can't Stop Loving You - 2016 Remaster,Phil Collins,mellow gold
City Of Blinding Lights,U2,irish rock
Munich,Editors,alternative dance
Hey Ya!,OutKast,atl hip hop
There Must Be an Angel (Playing with My Heart),Eurythmics,dance pop
Laat Me / Vivre - Lange Versie,Alderliefste met Ramses Shaffy en Liesbeth List,dutch pop
Watskeburt?!,De Jeugd Van Tegenwoordig,dutch hip hop
Feel,Robbie Williams,dance pop
Lady Jane - (Original Single Mono Version),The Rolling Stones,album rock
La Isla Bonita,Madonna,dance pop
Go Like Elijah,Chi Coltrane,alternative pop rock
Chop Suey!,System Of A Down,alternative metal
Sorry - (Live in Tivoli),Kyteman,dutch indie
Black or White - Single Version,Michael Jackson,pop
Shut Your Eyes,Snow Patrol,irish rock
Ironic,Alanis Morissette,alternative rock
I Bet You Look Good On The Dancefloor,Arctic Monkeys,garage rock
Hurt,Johnny Cash,arkansas country
Vogue,Madonna,dance pop
If I Were a Boy,Beyoncé,dance pop
Dyna-Mite,Mud,classic uk pop
Une Belle Histoire (Een Mooi Verhaal),Alderliefste,dutch pop
Sandstorm - Radio Edit,Darude,eurodance
Right Next Door (Because Of Me),Robert Cray,blues
Hald Mich 'S Vas,Neet Oét Lottum,carnaval limburg
Like a Prayer,Madonna,dance pop
Rockin' All Over The World,Status Quo,album rock
Blue Hotel,Chris Isaak,mellow gold
Dear Mr. President,P!nk,dance pop
Stiekem Gedanst,Toontje Lager,dutch rock
Human,The Killers,modern rock
Lady Madonna - Remastered 2015,The Beatles,british invasion
Both Sides Now,Joni Mitchell,canadian folk
God Is a DJ,Faithless,big beat
Viva La Vida,Coldplay,permanent wave
Kids,MGMT,alternative dance
Bend & Break,Keane,modern rock
We Can Work It Out - Remastered 2015,The Beatles,british invasion
Sing for Absolution,Muse,modern rock
Superstition - Single Version,Stevie Wonder,adult standards
Vertigo,U2,irish rock
By the Way,Red Hot Chili Peppers,alternative rock
Hey Jude,The Beatles,british invasion
November,Rowwen Hèze,carnaval limburg
Geef Mij Je Angst,Guus Meeuwis,dutch pop
Stuck In The Middle With You,Stealers Wheel,classic rock
Het Regent Zonnestralen,Acda en de Munnik,dutch cabaret
Violet Hill,Coldplay,permanent wave
Dog Days Are Over,Florence + The Machine,art pop
Beautiful Day,U2,irish rock
Major Tom,Peter Schilling,german pop
An End Has a Start,Editors,alternative dance
Lost!,Coldplay,permanent wave
What It Is,Mark Knopfler,classic rock
Blue Monday - 2016 Remaster,New Order,alternative rock
Behind Blue Eyes,Limp Bizkit,alternative metal
Rehab,Amy Winehouse,british soul
Bird of Paradise,Snowy White,blues rock
I'm Yours,Jason Mraz,acoustic pop
Onderweg,Abel,dutch rock
Mr. Bojangles - Single Version,Sammy Davis Jr.,adult standards
Unwritten,Natasha Bedingfield,dance pop
Resistance,Muse,modern rock
Bedshaped,Keane,modern rock
Mia,Gorki,belgian rock
You Oughta Know,Alanis Morissette,alternative rock
Overcome,Live,alternative metal
Stand My Ground,Within Temptation,dutch metal
Chasing Cars,Snow Patrol,irish rock
Dani California,Red Hot Chili Peppers,alternative rock
Unfinished Sympathy,Massive Attack,big beat
Nine Million Bicycles,Katie Melua,uk pop
You're Beautiful,James Blunt,neo mellow
It's My Life,Bon Jovi,glam metal
Politik,Coldplay,permanent wave
Mooie Dag,BLØF,dutch pop
In Nije Dei,De Kast,dutch pop
Sex on Fire,Kings of Leon,modern rock
Hallelujah,Lisa Lois,dutch pop
Somewhere Only We Know,Keane,modern rock
Sunrise,Simply Red,british soul
How You Remind Me,Nickelback,alternative metal
When You Say Nothing At All,Ronan Keating,dance pop
Hard Sun,Eddie Vedder,permanent wave
Belfast Child,Simple Minds,art rock
Feel Good Inc.,Gorillaz,alternative hip hop
Alles Is Liefde,BLØF,dutch pop
Jerusalem,Anouk,dutch indie
Mr Bojangles,Robbie Williams,dance pop
Tranen Gelachen,Guus Meeuwis,dutch pop
When The Sun Goes Down,Arctic Monkeys,garage rock
Frozen,Madonna,dance pop
The Racing Rats,Editors,alternative dance
Poker Face,Lady Gaga,dance pop
Life in Technicolor ii,Coldplay,permanent wave
One,Johnny Cash,arkansas country
Ruby,Kaiser Chiefs,alternative rock
Het Land Van,Lange Frans,dutch hip hop
Bad Romance,Lady Gaga,dance pop
Elevation,U2,irish rock
Trouble,Coldplay,permanent wave
De Peel In Brand,Rowwen Hèze,carnaval limburg
Black Betty,Ram Jam,album rock
Wrong,Novastar,belgian rock
Never Be Clever,Herman Brood & His Wild Romance,dutch indie
Undisclosed Desires,Muse,modern rock
Auto Vliegtuug,Rowwen Hèze,carnaval limburg
Meer Dan Een Ander,Van Dik Hout,dutch cabaret
Brabant,Guus Meeuwis,dutch pop
Mother Earth,Within Temptation,dutch metal
One More Time,Daft Punk,electro
(You're The) Devil in Disguise,Elvis Presley,adult standards
TRUE - Single Edit,Spandau Ballet,dance rock
Make It Wit Chu,Queens of the Stone Age,alternative metal
Bring Me To Life,Evanescence,alternative metal
Clocks,Coldplay,permanent wave
Farewell To The Fairground,White Lies,alternative dance
Bliss,Muse,modern rock
Kijk Omhoog,Nick & Simon,dutch pop
9 Crimes,Damien Rice,acoustic pop
Working On a Dream,Bruce Springsteen,classic rock
Nutbush City Limits,Ike & Tina Turner,brill building pop
Do They Know It's Christmas? - 1984 Version,Band Aid,electro
Changes,2Pac,g funk
Mag Ik Dan Bij Jou,Claudia De Breij,dutch cabaret
Sterrenstof,De Jeugd Van Tegenwoordig,dutch hip hop
Love Will Tear Us Apart - 2010 Remaster,Joy Division,alternative rock
Mag Het Licht Uit,De Dijk,dutch indie
Why Tell Me Why,Anita Meyer,dutch pop
Wonderful Days,Charly Lownoise,happy hardcore
Dat Komt Door Jou,Guus Meeuwis,dutch pop
Don't Give up the Fight,Racoon,dutch indie
I Follow Rivers - Live @ Giel!,Triggerfinger,belgian rock
Liverpool Rain,Racoon,dutch indie
No Mercy,Racoon,dutch indie
Peter Gunn Theme,"Emerson, Lake & Palmer",album rock
Alors on danse,Stromae,belgian pop
The Eve of the War,Jeff Wayne,classic uk pop
A Night Like This,Caro Emerald,dutch pop
Raise Your Glass,P!nk,dance pop
Verdammt ich lieb dich - Remastered,Matthias Reim,classic schlager
Christmas Lights,Coldplay,permanent wave
The Promise You Made,Cock Robin,dance rock
Back Home,Golden Earring,album rock
Times Are Changing,DI-RECT,dutch indie
Proosten,Guus Meeuwis,dutch pop
Just the Way You Are,Bruno Mars,dance pop
Need You Now,Lady Antebellum,contemporary country
Man Down,Rihanna,barbadian pop
Pyro,Kings of Leon,modern rock
You Got It,Roy Orbison,adult standards
Atmosphere - 2010 Remaster,Joy Division,alternative rock
Grenade,Bruno Mars,dance pop
Have You Ever Been Mellow,Party Animals,gabba
Back Down South,Kings of Leon,modern rock
Riverside,Agnes Obel,chamber pop
Hold On Tight,Solomon Burke,brill building pop
Someone Like You,Adele,british soul
Set Fire to the Rain,Adele,british soul
Rainbow In The Sky - K & A's Radio Blast,DJ Paul Elstak,gabba
Levels,Avicii,big room
Somebody That I Used To Know,Gotye,australian pop
Paradise,Coldplay,permanent wave
Rood,Marco Borsato,dutch cabaret
A Boy Named Sue (Live),Johnny Cash,arkansas country
Still Loving You,Scorpions,album rock
Little Black Submarines,The Black Keys,alternative rock
Walk,Foo Fighters,alternative metal
The A Team,Ed Sheeran,pop
kom terug,Spinvis,dutch indie
Prachtig mooie dag,Daniël Lohues,dutch indie
lippy kids,Elbow,britpop
Titanium (feat. Sia),David Guetta,dance pop
Faster,Within Temptation,dutch metal
Lonely Boy,The Black Keys,alternative rock
Turning Tables,Adele,british soul
Luv U More - K&A's Radio blast,DJ Paul,electro
Kan Ik Iets Voor Je Doen,De Dijk,dutch indie
Driver's Seat,Sniff 'n' The Tears,classic uk pop
Zing Voor Me,Lange Frans,dutch hip hop
Every Teardrop Is a Waterfall,Coldplay,permanent wave
Waarom Nou Jij,Marco Borsato,dutch cabaret
Mijn Vlakke Land,Jacques Brel,chanson
Rumour Has It,Adele,british soul
Keep Your Head Up,Ben Howard,british singer-songwriter
Pumped Up Kicks,Foster The People,indie pop
Happiness,Jonathan Jeremiah,dutch indie
Give Me Love,Ed Sheeran,pop
Gold on the Ceiling,The Black Keys,alternative rock
Ni**as In Paris,JAY-Z,east coast hip hop
Run the World (Girls),Beyoncé,dance pop
I Won' T Let You Down,Road Band,pop
Love On Top,Beyoncé,dance pop
Lego House,Ed Sheeran,pop
Skinny Love,Birdy,neo mellow
Dust Bowl,Joe Bonamassa,blues rock
Damn Those Eyes,Kane,dutch pop
These Days,Foo Fighters,alternative metal
Original Sin,INXS,australian rock
Terug Naar De Kust,Maggie MacNeal,nederpop
Georgia on My Mind,Ray Charles,adult standards
Charlie Brown,Coldplay,permanent wave
I've Just Lost Somebody,Golden Earring,album rock
Skyfall - Full Length,Adele,british soul
Zo Stil,BLØF,dutch pop
Holiday In Spain,Counting Crows,alternative rock
Radioactive,Imagine Dragons,modern rock
Video Games - Remastered,Lana Del Rey,art pop
Demons,Imagine Dragons,modern rock
She,Elvis Costello,art rock
Just Give Me a Reason (feat. Nate Ruess),P!nk,dance pop
Try,P!nk,dance pop
I Will Wait,Mumford & Sons,modern folk rock
Home Again,Kensington,dutch pop
Tubular Bells,Mike Oldfield,album rock
Winter,Tori Amos,art pop
Droomland,Andre Hazes,dutch pop
Wat Zou Je Doen?,BLØF,dutch pop
Madness,Muse,modern rock
Sovereign Light Café,Keane,modern rock
Can't Hold Us - feat. Ray Dalton,Macklemore & Ryan Lewis,dance pop
Lover of the Light,Mumford & Sons,modern folk rock
San Quentin,Johnny Cash,arkansas country
On Top Of The World,Imagine Dragons,modern rock
Flappie,Youp van 't Hek,dutch cabaret
Home Again,Michael Kiwanuka,british soul
If You Could See Me Now,The Script,celtic rock
Hall of Fame,The Script,celtic rock
Dodenrit,Drs. P,dutch rock
When I Was Your Man,Bruno Mars,dance pop
I Won't Give Up,Jason Mraz,acoustic pop
Slapeloze Nachten,The Opposites,dutch hip hop
One Moment in Time,Whitney Houston,dance pop
Zaterdag,BLØF,dutch pop
Babel,Mumford & Sons,modern folk rock
Hopeless Wanderer,Mumford & Sons,modern folk rock
Follow the Sun,Xavier Rudd,australian indie folk
Later Als Ik Groter Ben,BLØF,dutch pop
Clown,Emeli Sandé,dance pop
Stay - Album Version (Edited),Rihanna,barbadian pop
Diamonds,Rihanna,barbadian pop
It's Time,Imagine Dragons,modern rock
Little Talks,Of Monsters and Men,folk-pop
Euphoria,Loreen,electropop
Oceaan,Racoon,dutch indie
Lola Montez,Volbeat,alternative metal
Wake Me Up,Avicii,big room
Formidable,Stromae,belgian pop
Do I Wanna Know?,Arctic Monkeys,garage rock
Another Love,Tom Odell,modern rock
Hey Brother,Avicii,big room
I See Fire,Ed Sheeran,pop
This Is What It Feels Like,Armin van Buuren,edm
All of Me,John Legend,neo mellow
Dansen Op De Vulkaan,De Dijk,dutch indie
Witch Doctor,De Staat,dutch indie
Diamonds,The Boxer Rebellion,chamber pop
Let Her Go,Passenger,folk-pop
Papaoutai,Stromae,belgian pop
Strong,London Grammar,metropopolis
Layla,Derek & The Dominos,album rock
Pompeii,Bastille,metropopolis
Waves,Mr. Probz,dutch hip hop
Get Lucky (feat. Pharrell Williams & Nile Rodgers) - Radio Edit,Daft Punk,electro
All I Want,Kodaline,irish pop
Addicted To You,Avicii,big room
Animals,Martin Garrix,big room
Just Say Yes,Snow Patrol,irish rock
Watermensen,3JS,dutch pop
Sky and Sand,Paul Kalkbrenner,electronica
The Monster,Eminem,detroit hip hop
Mirrors,Justin Timberlake,dance pop
Story of My Life,One Direction,boy band
Royals,Lorde,art pop
tous les mêmes,Stromae,belgian pop
Mijn Van Straat Geredde Roos,De Dijk,dutch indie
Love You Like I Love Myself,Herman Brood & His Wild Romance,dutch indie
I Sat By The Ocean,Queens of the Stone Age,alternative metal
Everybody (Backstreet's Back) - Radio Edit,Backstreet Boys,boy band
A Ton of Love,Editors,alternative dance
Foolish Games,Jewel,alaska indie
Grow Old with Me,Tom Odell,modern rock
Things We Lost In The Fire,Bastille,metropopolis
Blurred Lines,Robin Thicke,dance pop
The Road To Mandalay,Robbie Williams,dance pop
Iron Sky,Paolo Nutini,british soul
A Sky Full of Stars,Coldplay,permanent wave
Rolling In The Deep,Adele,british soul
Streets,Kensington,dutch pop
Thinking out Loud,Ed Sheeran,pop
Take Me to Church,Hozier,irish singer-songwriter
Une belle histoire,Michel Fugain,chanson
In Your Arms,Chef'Special,dutch indie
Born Slippy (Nuxx),Underworld,alternative dance
War,Kensington,dutch pop
Op 't platteland,Daniël Lohues,dutch indie
"Happy - From ""Despicable Me 2""",Pharrell Williams,dance pop
Calm After The Storm,The Common Linnets,dutch americana
Riddles,Kensington,dutch pop
Under The Pressure,The War On Drugs,chamber pop
Magic,Coldplay,permanent wave
Photograph,Ed Sheeran,pop
All For Nothing,Kensington,dutch pop
My Silver Lining,First Aid Kit,stomp and holler
Zandloper,Typhoon,dutch hip hop
Home,Dotan,dutch pop
Red Eyes,The War On Drugs,chamber pop
L'amour Toujours (Small Mix),Gigi D'Agostino,eurodance
"See Me, Feel Me - Single Version",The Who,album rock
Hemel Valt,Typhoon,dutch hip hop
Glycerine,Bush,alternative metal
Wit Licht,Jeroen van Koningsbrugge,pop
Yellow Submarine,The Beatles,british invasion
California Love,2Pac,g funk
Superheroes,The Script,celtic rock
Stay With Me,Sam Smith,pop
Shake It Off,Taylor Swift,dance pop
Looking Too Closely,Fink,chamber pop
No Good in Goodbye,The Script,celtic rock
Counting Stars,OneRepublic,dance pop
Time After Time,Cyndi Lauper,dance pop
Sexy Als Ik Dans,Nielson,dutch pop
Done With It,Kensington,dutch pop
Love Never Felt So Good,Michael Jackson,pop
Shut Up and Dance,WALK THE MOON,indie pop
Nothing Really Matters,Mr. Probz,dutch hip hop
Promises of No Man's Land,Blaudzun,dutch indie
Let It Go,James Bay,neo mellow
The Sound of Silence,Disturbed,alternative metal
Het Dorp - Live,Wim Sonneveld,dutch cabaret
Psycho,Muse,modern rock
Élan,Nightwish,finnish metal
Dat Ik Je Mis,Maaike Ouboter,dutch pop
Heading Up High,Armin van Buuren,edm
Zeg Maar Niets Meer - Remastered,Andre Hazes,dutch pop
Chandelier,Sia,australian dance
Uptown Funk,Mark Ronson,dance pop
Birds,Anouk,dutch indie
Michel,Anouk,dutch indie
Let It Happen,Tame Impala,australian psych
Everglow,Coldplay,permanent wave
The Less I Know The Better,Tame Impala,australian psych
Ordinary Love,U2,irish rock
Stressed Out,Twenty One Pilots,modern rock
For Bitter Or Worse,Anouk,dutch indie
All I Need - Edit,Air,downtempo
Hymn for the Weekend,Coldplay,permanent wave
Adventure of a Lifetime,Coldplay,permanent wave
Three Days In A Row,Anouk,dutch indie
Moondance,Van Morrison,classic rock
R U Kiddin' Me,Anouk,dutch indie
"Theme From New York, New York",Frank Sinatra,adult standards
Hold Me,Douwe Bob,dutch americana
Budapest,George Ezra,folk-pop
Shoes of Lightning,Racoon,dutch indie
Mercy,Muse,modern rock
Tennessee Whiskey,Chris Stapleton,contemporary country
"Oxygene, Pt. 4",Jean-Michel Jarre,laboratorio
A Head Full of Dreams,Coldplay,permanent wave
We Come 1 - Radio Edit,Faithless,big beat
Forever Man - 2015 Remaster,Eric Clapton,album rock
Down Man,Brainbox,dutch prog
Liquid Spirit - Claptone Remix,Gregory Porter,contemporary vocal jazz
Living Doll - 2003 Remaster,Cliff Richard & The Drifters,rock-and-roll
Ocean of Night,Editors,alternative dance
Be the One,Dua Lipa,dance pop
Up&Up,Coldplay,permanent wave
Ship To Wreck,Florence + The Machine,art pop
Love Yourself,Justin Bieber,canadian pop
Happy Xmas (War Is Over),John Lennon,album rock
Sorry,Kensington,dutch pop
Cold Little Heart,Michael Kiwanuka,british soul
Barcelona,Freddie Mercury,glam rock
Leef,André Hazes Jr.,dutch pop
Hello,Adele,british soul
Against All Odds (Take a Look at Me Now) - 2016 Remaster,Phil Collins,mellow gold
Treur Niet (Ode Aan Het Leven),Diggy Dex,dutch hip hop
When We Were Young,Adele,british soul
Do I Ever,Kensington,dutch pop
"CAN'T STOP THE FEELING! (Original Song from DreamWorks Animation's ""TROLLS"")",Justin Timberlake,dance pop
Whatever You Want,Status Quo,album rock
Lazarus,David Bowie,album rock
Million Years Ago,Adele,british soul
Dark Necessities,Red Hot Chili Peppers,alternative rock
You Want It Darker,Leonard Cohen,canadian folk
Bridges,Kensington,dutch pop
Once Upon a Time in the West - Main Theme,Ennio Morricone,classic soundtrack
Mooi,Marco Borsato,dutch cabaret
I Just Can't Help Believin',Elvis Presley,adult standards
Love & Hate,Michael Kiwanuka,british soul
New Gold Dream (81/82/83/84),Simple Minds,art rock
Disco Inferno,The Trammps,disco
Someone Somewhere (In Summertime),Simple Minds,art rock
24K Magic,Bruno Mars,dance pop
Blackstar,David Bowie,album rock
Water Under the Bridge,Adele,british soul
All I Ask,Adele,british soul
The Life I Live,Q'65,dutch prog
We All Stand Together - Remastered 2016,Paul McCartney,album rock
Heathens,Twenty One Pilots,modern rock
Jacob’s Song,Douwe Bob,dutch americana
Way Down We Go,KALEO,icelandic indie
7 Years,Lukas Graham,danish pop
Forbidden Colours,Ryuichi Sakamoto,compositional ambient
The Book Of Love,Gavin James,neo mellow
Zoutelande - feat. Geike,BLØF,dutch pop
Pokémon Theme-New Studio Recording,Jason Paige,pop
Perfect,Ed Sheeran,pop
Thriller,Michael Jackson,pop
Boulevard of Broken Dreams,Green Day,modern rock
What About Us,P!nk,dance pop
Shape of You,Ed Sheeran,pop
Believer,Imagine Dragons,modern rock
Human,Rag'n'Bone Man,neo soul
Het het nog nooit zo donker west,Ede Staal,streektaal
Castle on the Hill,Ed Sheeran,pop
Sign of the Times,Harry Styles,dance pop
In the Blood,John Mayer,neo mellow
Nao ’t Zuuje,Lex Uiting,carnaval limburg
"Roll Over Lay Down - Live At The Kursaal, Southend / 1975",Status Quo,album rock
Whatever It Takes,Imagine Dragons,modern rock
Amigo,Chef'Special,dutch indie
Iederene Hef Een Reden,Bökkers,dutch rock
Everything Now,Arcade Fire,alternative dance
Sorry,Nothing But Thieves,alternative pop rock
One More Light,Linkin Park,alternative metal
Through the Barricades - Remastered,Spandau Ballet,dance rock
Freedom! '90 - Remastered,George Michael,dance rock
Amsterdam,Nothing But Thieves,alternative pop rock
Something Just Like This,The Chainsmokers,electropop
Thunder,Imagine Dragons,modern rock
Thinking Of A Place,The War On Drugs,chamber pop
Happier,Ed Sheeran,pop
Galway Girl,Ed Sheeran,pop
Sunny Days,Armin van Buuren,edm
Supermarket Flowers,Ed Sheeran,pop
Holiday,Green Day,modern rock
Max,Paolo Conte,italian pop
Rapper's Delight,The Sugarhill Gang,east coast hip hop
Pain,The War On Drugs,chamber pop
Love On The Rocks,Neil Diamond,adult standards
Tuesday Afternoon (Forever Afternoon),The Moody Blues,album rock
Magnificent (She Says),Elbow,britpop
Nicotine,Chef'Special,dutch indie
Homesick,Dua Lipa,dance pop
Beautiful Trauma,P!nk,dance pop
World Gone Mad,Bastille,metropopolis
Leave a Light On,Tom Walker,indie anthem-folk
Skin,Rag'n'Bone Man,neo soul
Lost on You,LP,la pop
Shallow,Lady Gaga,dance pop
Kleine Jongen,Andre Hazes,dutch pop
Duurt Te Lang,Davina Michelle,dutch pop
I Want To Break Free,Queen,glam rock
September,"Earth, Wind & Fire",disco
Voor Haar,Frans Halsema,dutch rock
Testament,Boudewijn de Groot,dutch indie
Atemlos durch die Nacht,Helene Fischer,german pop
Zij Gelooft In Mij,Andre Hazes,dutch pop
Verdronken Vlinder,Boudewijn de Groot,dutch indie
Als Het Avond Is,Suzan & Freek,dutch pop
De Vlieger,Andre Hazes,dutch pop
Geef Mij Je Angst,Andre Hazes,dutch pop
Natural,Imagine Dragons,modern rock
IJskoud,Nielson,dutch pop
Welterusten Mijnheer De President,Boudewijn de Groot,dutch indie
Jimmy,Boudewijn de Groot,dutch indie
Bad Liar,Imagine Dragons,modern rock
Sammy,Ramses Shaffy,dutch cabaret
High Hopes,Panic! At The Disco,baroque pop
Het Land Van Maas En Waal,Boudewijn de Groot,dutch indie
Shotgun,George Ezra,folk-pop
New Light,John Mayer,neo mellow
You Say,Lauren Daigle,ccm
Een Beetje Verliefd,Andre Hazes,dutch pop
Someone You Loved,Lewis Capaldi,pop
Banger Hart - Radio Mix,Rob De Nijs,dutch pop
Malle Babbe,Rob De Nijs,dutch pop
Vluchten Kan Niet Meer,Frans Halsema,dutch rock
Faded,Alan Walker,electro house
High On Life (feat. Bonn),Martin Garrix,big room
Het Is Koud Zonder Jou,Andre Hazes,dutch pop
N Vriend,Andre Hazes,dutch pop
Always Remember Us This Way,Lady Gaga,dance pop
Een Meisje Van Zestien,Boudewijn de Groot,dutch indie
Why Don't You Do Right,Beth Hart,blues rock
De Zon Op,Diggy Dex,dutch hip hop
Youngblood,5 Seconds of Summer,boy band
Prikkebeen,Boudewijn de Groot,dutch indie
Outlaw In 'Em,Waylon,dutch americana
Als De Rook Om Je Hoofd Is Verdwenen,Boudewijn de Groot,dutch indie
Skandal im Sperrbezirk,Spider Murphy Gang,austropop
Pain and Misery,The Teskey Brothers,australian americana
I Do,Douwe Bob,dutch americana
Het Laatste Rondje - Remastered,Andre Hazes,dutch pop
Guiding Light,Mumford & Sons,modern folk rock
Havana (feat. Young Thug),Camila Cabello,dance pop
Hou Vol Hou Vast,BLØF,dutch pop
One Kiss (with Dua Lipa),Calvin Harris,dance pop
Nothing Breaks Like a Heart (feat. Miley Cyrus),Mark Ronson,dance pop
Lay Your Weapons Down,Ilse DeLange,dutch americana
In My Blood,Shawn Mendes,canadian pop
Roller Coaster,Danny Vera,dutch americana
Arcade,Duncan Laurence,dutch pop
A Whiter Shade of Pale - Original Single Version,Procol Harum,album rock
Don't You (Forget About Me),Simple Minds,art rock
The Load-Out - Remastered,Jackson Browne,album rock
Stay - Remastered,Jackson Browne,album rock
Last Christmas,Wham!,dance rock
Time To Give,White Lies,alternative dance
bad guy,Billie Eilish,electropop
Memories,Maroon 5,pop
Love Like Blood,Killing Joke,alternative metal
Reünie,Snelle,dutch hip hop
About A Girl - Live Version,Nirvana,alternative rock
DEUTSCHLAND,Rammstein,alternative metal
Phantom Of The Opera,Floor Jansen,dutch pop
Dance Monkey,Tones and I,australian pop
Blauwe Dag,Suzan & Freek,dutch pop
Homburg - Single Version - 2009 Remaster - Mono,Procol Harum,album rock
Uncharted,Kensington,dutch pop
Despacito,Luis Fonsi,latin
Dancing On My Own,Calum Scott,australian pop
Child in Time,Deep Purple,album rock
Let It Be - Remastered 2009,The Beatles,british invasion
Bridge Over Troubled Water,Simon & Garfunkel,classic rock
Paranoid - 2016 Remaster,Black Sabbath,album rock
Have You Ever Seen The Rain,Creedence Clearwater Revival,album rock
Your Song,Elton John,glam rock
The Boxer,Simon & Garfunkel,classic rock
Du,Peter Maffay,classic schlager
I Walk the Line,Johnny Cash,arkansas country
Samba Pa Ti,Santana,blues rock
Immigrant Song - Remaster,Led Zeppelin,album rock
Who'll Stop The Rain,Creedence Clearwater Revival,album rock
Our House,"Crosby, Stills, Nash & Young",album rock
Teach Your Children,"Crosby, Stills, Nash & Young",album rock
The Long And Winding Road - Remastered 2009,The Beatles,british invasion
Father And Son,Yusuf / Cat Stevens,british folk
Almost Cut My Hair,"Crosby, Stills, Nash & Young",album rock
El Condor Pasa (If I Could),Simon & Garfunkel,classic rock
Question,The Moody Blues,album rock
I Heard It Through The Grapevine,Creedence Clearwater Revival,album rock
Since I've Been Loving You - 1990 Remaster,Led Zeppelin,album rock
Get Back - Remastered 2009,The Beatles,british invasion
The Man Who Sold the World - 2015 Remaster,David Bowie,album rock
Long As I Can See The Light,Creedence Clearwater Revival,album rock
Roadhouse Blues,The Doors,album rock
My Sweet Lord,George Harrison,album rock
Memories,Earth & Fire,classic uk pop
Cecilia,Simon & Garfunkel,classic rock
Fire and Rain,James Taylor,adult standards
Lookin' Out My Back Door,Creedence Clearwater Revival,album rock
25 or 6 to 4 - 2002 Remaster,Chicago,adult standards
Working Class Hero - Remastered 2010 / Lennon Legend Version,John Lennon,album rock
Lucky Man - 2012 Remastered Version,"Emerson, Lake & Palmer",album rock
Into the Mystic - 2013 Remaster,Van Morrison,classic rock
Carry On,"Crosby, Stills, Nash & Young",album rock
(They Long To Be) Close To You,Carpenters,adult standards
Move On Up,Curtis Mayfield,chicago soul
Tears In The Morning - Remastered 2009,The Beach Boys,baroque pop
Up Around The Bend,Creedence Clearwater Revival,album rock
Southern Man - 2009 Remaster,Neil Young,album rock
Stairway to Heaven - Remaster,Led Zeppelin,album rock
Imagine - Remastered,John Lennon,album rock
Riders on the Storm,The Doors,album rock
Echoes,Pink Floyd,album rock
Vincent,Don McLean,adult standards
Me and Bobby McGee,Janis Joplin,blues rock
Baba O'Riley,The Who,album rock
Life on Mars? - 2015 Remaster,David Bowie,album rock
I Am...I Said - Single Version,Neil Diamond,adult standards
Ain't No Sunshine,Bill Withers,classic soul
Wild Horses,The Rolling Stones,album rock
L.A. Woman,The Doors,album rock
What's Going On,Marvin Gaye,classic soul
Halo of Flies,Alice Cooper,album rock
American Pie,Don McLean,adult standards
Tiny Dancer,Elton John,glam rock
Morning Has Broken,Yusuf / Cat Stevens,british folk
One Way Wind,The Cats,classic uk pop
One of These Days,Pink Floyd,album rock
Nothing Rhymed,Gilbert O'Sullivan,adult standards
Brown Sugar - Remastered,The Rolling Stones,album rock
You've Got a Friend,Carole King,adult standards
Locomotive Breath,Jethro Tull,album rock
She Flies On Strange Wings,Golden Earring,album rock
Changes - 2015 Remaster,David Bowie,album rock
Mercedes Benz,Janis Joplin,blues rock
Honky Tonk Women - Mono Version,The Rolling Stones,album rock
You've Got a Friend,James Taylor,adult standards
Cry Baby,Janis Joplin,blues rock
Storm And Thunder,Earth & Fire,classic uk pop
Roundabout - 2003 Remaster,Yes,album rock
Maggie May,Rod Stewart,adult standards
Won't Get Fooled Again - Original Album Version,The Who,album rock
After Midnight,J.J. Cale,blues
Give Up Your Guns,The Buoys,alternative pop rock
Love Her Madly,The Doors,album rock
Rock and Roll - Remaster,Led Zeppelin,album rock
Black Dog - Remaster,Led Zeppelin,album rock
Call Me The Breeze,J.J. Cale,blues
Famous Blue Raincoat,Leonard Cohen,canadian folk
Behind Blue Eyes,The Who,album rock
Yours Is No Disgrace - 2003 Remaster,Yes,album rock
See Emily Play,Pink Floyd,album rock
Smoke on the Water,Deep Purple,album rock
Perfect Day,Lou Reed,art rock
"Rocket Man (I Think It's Going To Be A Long, Long Time)",Elton John,glam rock
Heart of Gold - 2009 Remaster,Neil Young,album rock
Starman - 2012 Remaster,David Bowie,album rock
Take It Easy - 2013 Remaster,Eagles,album rock
A Horse with No Name,America,album rock
Time In A Bottle,Jim Croce,adult standards
Lola - Live,The Kinks,album rock
Easy Livin',Uriah Heep,album rock
Ben - Single Version,Michael Jackson,pop
Walk On the Wild Side,Lou Reed,art rock
She's A Rainbow - Full Version / With Intro,The Rolling Stones,album rock
You're so Vain,Carly Simon,adult standards
Ziggy Stardust - 2012 Remaster,David Bowie,album rock
Whiskey In The Jar,Thin Lizzy,album rock
Listen to the Music,The Doobie Brothers,album rock
Top Of The World,Carpenters,adult standards
School's Out,Alice Cooper,album rock
A Thing Called Love,Johnny Cash,arkansas country
Harvest - 2009 Remaster,Neil Young,album rock
Sylvia's Mother,Dr. Hook,bubblegum pop
"Close to the Edge (i. The Solid Time of Change, ii. Total Mass Retain, iii. I Get up I Get Down, iv. Seasons of Man) - 2003 Remaster",Yes,album rock
Ventura Highway,America,album rock
Witchy Woman - Eagles 2013 Remaster,Eagles,album rock
Song Sung Blue - Single Version,Neil Diamond,adult standards
Sylvia,Focus,album rock
Peaceful Easy Feeling - Eagles 2013 Remaster,Eagles,album rock
Do It Again,Steely Dan,album rock
Radar Love,Golden Earring,album rock
Angie,The Rolling Stones,album rock
Desperado - 2013 Remaster,Eagles,album rock
Dream On,Aerosmith,album rock
Time,Pink Floyd,album rock
Free Bird,Lynyrd Skynyrd,album rock
Money,Pink Floyd,album rock
Always On My Mind,Elvis Presley,adult standards
The Great Gig in the Sky,Pink Floyd,album rock
La Grange - 2005 Remaster,ZZ Top,album rock
"Leaving, On a Jet Plane - ""Greatest Hits"" Version",John Denver,adult standards
Us and Them,Pink Floyd,album rock
Firth of Fifth - New Stereo Mix,Genesis,album rock
Band On The Run - Remastered 2010,Paul McCartney,album rock
Sebastian - 2012 Remaster,Steve Harley & Cockney Rebel,classic uk pop
Tequila Sunrise - 2013 Remaster,Eagles,album rock
Knockin' On Heaven's Door - Remastered,Bob Dylan,album rock
Burning Love,Elvis Presley,adult standards
Goodbye Yellow Brick Road - Remastered 2014,Elton John,glam rock
Midnight Train to Georgia,Gladys Knight & The Pips,brill building pop
Daniel,Elton John,glam rock
The Joker,Steve Miller Band,album rock
Long Train Runnin',The Doobie Brothers,album rock
I'll Have To Say I Love You In A Song,Jim Croce,adult standards
The Jean Genie - 2013 Remaster,David Bowie,album rock
Merry Xmas Everybody,Slade,album rock
Woman from Tokyo,Deep Purple,album rock
Don't Let Me Down - Remastered 2009,The Beatles,british invasion
Let's Get It On,Marvin Gaye,classic soul
School,Supertramp,album rock
Jolene,Dolly Parton,classic country pop
Killer Queen - 2011 Mix,Queen,glam rock
Sweet Home Alabama,Lynyrd Skynyrd,album rock
Waterloo,ABBA,europop
Annie's Song,John Denver,adult standards
Dreamer,Supertramp,album rock
You Are So Beautiful,Joe Cocker,album rock
My Boy,Elvis Presley,adult standards
Rebel Rebel - 2016 Remaster,David Bowie,album rock
Crime Of The Century,Supertramp,album rock
Autobahn - 2009 Remaster,Kraftwerk,dance rock
I Will Always Love You,Dolly Parton,classic country pop
Thank God I'm a Country Boy,John Denver,adult standards
The Air That I Breathe - 2008 Remaster,The Hollies,adult standards
Love Is All,Roger Glover,hard rock
Hide In Your Shell,Supertramp,album rock
Gute Nacht Freunde,Reinhard Mey,german pop
Fox On The Run,Sweet,album rock
You Ain't Seen Nothing Yet,Bachman-Turner Overdrive,album rock
Mandy,Barry Manilow,adult standards
Can't Get It out of My Head,Electric Light Orchestra,album rock
The Way We Were,Barbra Streisand,adult standards
Bohemian Rhapsody - 2011 Mix,Queen,glam rock
Love Of My Life - Remastered 2011,Queen,glam rock
Shine On You Crazy Diamond (Pts. 1-5),Pink Floyd,album rock
Born to Run,Bruce Springsteen,classic rock
Kashmir - 1990 Remaster,Led Zeppelin,album rock
"No Woman, No Cry - Live At The Lyceum, London/1975",Bob Marley & The Wailers,reggae
One of These Nights - 2013 Remaster,Eagles,album rock
Mamma Mia,ABBA,europop
Landslide,Fleetwood Mac,album rock
Thunder Road,Bruce Springsteen,classic rock
I'm Not In Love,10cc,album rock
Rhiannon,Fleetwood Mac,album rock
Lyin' Eyes - 2013 Remaster,Eagles,album rock
You're My Best Friend - Remastered 2011,Queen,glam rock
Jungleland,Bruce Springsteen,classic rock
Love Hurts,Nazareth,album rock
Down Down,Status Quo,album rock
Sailing,Rod Stewart,adult standards
39 - 2011 Mix,Queen,glam rock
Calypso,John Denver,adult standards
50 Ways to Leave Your Lover,Paul Simon,classic rock
It's A Long Way There - 2010 Digital Remaster,Little River Band,album rock
Crazy On You,Heart,album rock
Wij Zullen Doorgaan - 1975 Single Version,Ramses Shaffy,dutch cabaret
Make Me Smile (Come up and See Me) - 2014 Remaster,Steve Harley,classic uk pop
House For Sale,Lucifer,j-core
S.O.S.,ABBA,europop
Nights On Broadway,Bee Gees,adult standards
At Seventeen - Remastered,Janis Ian,classic uk pop
Take It to the Limit - 2013 Remaster,Eagles,album rock
Fame - 2016 Remaster,David Bowie,album rock
Sex Machine - Pt. 1 & 2,James Brown,funk
Show Me The Way,Peter Frampton,album rock
Meeting Across the River,Bruce Springsteen,classic rock
Love Is The Drug,Roxy Music,album rock
Still Crazy After All These Years,Paul Simon,classic rock
Hotel California - 2013 Remaster,Eagles,album rock
Somebody To Love - 2011 Mix,Queen,glam rock
Dancing Queen,ABBA,europop
The Last Resort - 2013 Remaster,Eagles,album rock
Hurricane,Bob Dylan,album rock
More Than a Feeling,Boston,album rock
(Don't Fear) The Reaper,Blue Öyster Cult,album rock
New Kid in Town - 2013 Remaster,Eagles,album rock
If You Leave Me Now,Chicago,adult standards
Wild Is the Wind - 2016 Remaster,David Bowie,album rock
Tie Your Mother Down - Remastered 2011,Queen,glam rock
Fernando,ABBA,europop
"Knowing Me, Knowing You",ABBA,europop
Fool To Cry - Remastered 2009,The Rolling Stones,album rock
Carry on Wayward Son,Kansas,album rock
New York State of Mind,Billy Joel,album rock
Golden Years - 2016 Remaster,David Bowie,album rock
Isn't She Lovely,Stevie Wonder,adult standards
I Wish,Stevie Wonder,adult standards
Tom Traubert's Blues (Four Sheets To The Wind In Copenhagen),Tom Waits,folk
The Boys Are Back In Town,Thin Lizzy,album rock
Livin' Thing,Electric Light Orchestra,album rock
Sir Duke,Stevie Wonder,adult standards
Blitzkrieg Bop - 2016 Remaster,Ramones,classic rock
Fly Like An Eagle,Steve Miller Band,album rock
Blinded By The Light,Manfred Mann's Earth Band,album rock
Cocaine,J.J. Cale,blues
The Ballroom Blitz,Sweet,album rock
"Money, Money, Money",ABBA,europop
Wasted Time - 2013 Remaster,Eagles,album rock
Theme From Mahogany (Do You Know Where You're Going To) - Single Version,Diana Ross,adult standards
Heroes - 2017 Remaster,David Bowie,album rock
Paradise By the Dashboard Light,Meat Loaf,album rock
Go Your Own Way - 2004 Remaster,Fleetwood Mac,album rock
Mr. Blue Sky,Electric Light Orchestra,album rock
Fool's Overture,Supertramp,album rock
Whole Lotta Rosie,AC/DC,album rock
We Will Rock You - Remastered,Queen,glam rock
The Chain - 2004 Remaster,Fleetwood Mac,album rock
Three Little Birds,Bob Marley & The Wailers,reggae
We Are The Champions - Remastered 2011,Queen,glam rock
She's Always a Woman,Billy Joel,album rock
Worn Down Piano,The Mark & Clark Band,classic rock
Dust in the Wind,Kansas,album rock
Bat Out of Hell,Meat Loaf,album rock
Solsbury Hill,Peter Gabriel,album rock
Thank You For The Music,ABBA,europop
Wonderful Tonight,Eric Clapton,album rock
Lust For Life,Iggy Pop,alternative rock
She's Not There,Santana,blues rock
Stayin' Alive,Bee Gees,adult standards
Psycho Killer - 2005 Remaster,Talking Heads,alternative rock
Fantasy,"Earth, Wind & Fire",disco
Songbird - 2004 Remaster,Fleetwood Mac,album rock
Let There Be Rock,AC/DC,album rock
Don't Stop - 2004 Remaster,Fleetwood Mac,album rock
I Feel Love,Donna Summer,dance pop
The Passenger,Iggy Pop,alternative rock
Het Werd Zomer,Rob De Nijs,dutch pop
Take A Chance On Me,ABBA,europop
Give A Little Bit,Supertramp,album rock
Sound and Vision - 2017 Remaster,David Bowie,album rock
Spread Your Wings - 2011 Mix,Queen,glam rock
You Took The Words Right Out of My Mouth (Hot Summer Night),Meat Loaf,album rock
Two Out of Three Ain't Bad,Meat Loaf,album rock
Cocaine,Eric Clapton,album rock
Barracuda,Heart,album rock
One Love / People Get Ready - Medley,Bob Marley & The Wailers,reggae
Cold as Ice,Foreigner,album rock
The Name Of The Game,ABBA,europop
Mannish Boy,Muddy Waters,blues
I Want You to Want Me,Cheap Trick,album rock
Scenes from an Italian Restaurant,Billy Joel,album rock
God Save the Queen,Sex Pistols,punk
La vie en rose,Grace Jones,art rock
Spanish Stroll,Mink DeVille,dutch rock
Le Freak - 2018 Remaster,CHIC,disco
Lovely Day,Bill Withers,classic soul
Isn't It Time,The Babys,album rock
Just the Way You Are,Billy Joel,album rock
Anarchy in the U.K.,Sex Pistols,punk
You Make Loving Fun - 2004 Remaster,Fleetwood Mac,album rock
Sultans of Swing,Dire Straits,album rock
Don't Stop Me Now - 2011 Mix,Queen,glam rock
Laat Me,Ramses Shaffy,dutch cabaret
Wuthering Heights,Kate Bush,art pop
Saturday Night,Herman Brood & His Wild Romance,dutch indie
Roxanne,The Police,album rock
Hold the Line,TOTO,album rock
The Man with the Child in His Eyes,Kate Bush,art pop
Badlands,Bruce Springsteen,classic rock
Baker Street,Gerry Rafferty,album rock
Dreadlock Holiday,10cc,album rock
Fat Bottomed Girls - Single Version,Queen,glam rock
Runnin' with the Devil - 2015 Remaster,Van Halen,album rock
Bicycle Race - Remastered 2011,Queen,glam rock
Follow You Follow Me - 2007 Remaster,Genesis,album rock
So Lonely,The Police,album rock
How You Gonna See Me Now,Alice Cooper,album rock
Miss You - Remastered,The Rolling Stones,album rock
"Stir It Up - Live At The Pavillon De Paris, 1977",Bob Marley & The Wailers,reggae
Is This Love,Bob Marley & The Wailers,reggae
Because the Night,Patti Smith,art pop
What a Fool Believes,The Doobie Brothers,album rock
Still Believe,Herman Brood & His Wild Romance,dutch indie
Rivers of Babylon,Boney M.,disco
Don't Look Back,Boston,album rock
Beast Of Burden - Remastered,The Rolling Stones,album rock
Honesty,Billy Joel,album rock
Born to Be Alive - Original Mix 79,Patrick Hernandez,disco
Fire,The Pointer Sisters,dance pop
You Don't Bring Me Flowers,Neil Diamond,adult standards
Water of Love,Dire Straits,album rock
Comfortably Numb,Pink Floyd,album rock
Highway to Hell,AC/DC,album rock
"Another Brick in the Wall, Pt. 2",Pink Floyd,album rock
The Rose,Bette Midler,adult standards
The Logical Song - Remastered 2010,Supertramp,album rock
I Was Made For Lovin' You,KISS,album rock
Gimme! Gimme! Gimme! (A Man After Midnight),ABBA,europop
Message In A Bottle,The Police,album rock
Hey You,Pink Floyd,album rock
One Step Beyond,Madness,dance rock
Chiquitita,ABBA,europop
Does Your Mother Know,ABBA,europop
How Deep Is Your Love,Bee Gees,adult standards
Bright Eyes,Art Garfunkel,adult standards
Take The Long Way Home - 2010 Remastered,Supertramp,album rock
Breakfast In America - Remastered,Supertramp,album rock
I Have A Dream,ABBA,europop
Boogie Wonderland,"Earth, Wind & Fire",disco
Boys Don't Cry - Single Version,The Cure,dance rock
Voulez-Vous,ABBA,europop
September Morn,Neil Diamond,adult standards
MacArthur Park - Single Version,Donna Summer,dance pop
Don't Stop 'Til You Get Enough - Single Version,Michael Jackson,pop
London Calling - Remastered,The Clash,classic rock
Night Boat to Cairo,Madness,dance rock
Goodbye Stranger - 2010 Remastered,Supertramp,album rock
Walking On The Moon,The Police,album rock
Don't Bring Me Down,Electric Light Orchestra,album rock
Tragedy,Bee Gees,adult standards
Off the Wall,Michael Jackson,pop
The Worker,Fischer-Z,dutch rock
Sure Know Something,KISS,album rock
Relight My Fire - Single Version,Dan Hartman,disco
Weekend Love,Golden Earring,album rock
"More Than A Woman - From ""Saturday Night Fever"" Soundtrack",Bee Gees,adult standards
Rock with You - Single Version,Michael Jackson,pop
Weekend,Earth & Fire,classic uk pop
Dancin' Fool,Frank Zappa,album rock
We Belong to the Night,Ellen Foley,pop
Sausolito Summernight - Digitally Remastered 2017,Diesel,basshall
The River,Bruce Springsteen,classic rock
A Forest - Remastered Version,The Cure,dance rock
The Winner Takes It All,ABBA,europop
Ace of Spades,Motörhead,album rock
Another One Bites The Dust - Remastered 2011,Queen,glam rock
Back In Black,AC/DC,album rock
Romeo and Juliet,Dire Straits,album rock
Redemption Song,Bob Marley & The Wailers,reggae
You Shook Me All Night Long,AC/DC,album rock
Crazy Little Thing Called Love - Remastered 2011,Queen,glam rock
Lay All Your Love On Me,ABBA,europop
Long Blond Animal,Golden Earring,album rock
Think,The Blues Brothers,blues
Once in a Lifetime - 2005 Remaster,Talking Heads,alternative rock
The Turn of a Friendly Card,The Alan Parsons Project,album rock
So Long,Fischer-Z,dutch rock
Tunnel of Love (Intro: The Carousel Waltz),Dire Straits,album rock
Happy New Year,ABBA,europop
Ashes to Ashes - 2017 Remaster,David Bowie,album rock
Foto Van Vroeger,Rob De Nijs,dutch pop
Could You Be Loved,Bob Marley & The Wailers,reggae
9 to 5,Dolly Parton,classic country pop
Everybody Needs Somebody to Love,The Blues Brothers,blues
Super Trouper,ABBA,europop
Save Me - Remastered 2011,Queen,glam rock
Keep on Loving You,REO Speedwagon,album rock
Woman in Love,Barbra Streisand,adult standards
The Spirit Of Radio,Rush,album rock
Baggy Trousers,Madness,dance rock
Hungry Heart,Bruce Springsteen,classic rock
Guilty (feat. Barry Gibb),Barbra Streisand,adult standards
Biko,Peter Gabriel,album rock
Food For Thought,UB40,reggae fusion
Late in the Evening,Paul Simon,classic rock
Enola Gay - Remastered,Orchestral Manoeuvres In The Dark,art rock
Master Blaster (Jammin'),Stevie Wonder,adult standards
Don't Stand So Close To Me,The Police,album rock
Wish You Were Here,Pink Floyd,album rock
In The Air Tonight - 2015 Remastered,Phil Collins,mellow gold
Don't Stop Believin',Journey,album rock
The Day Before You Came,ABBA,europop
Golden Brown,The Stranglers,art rock
Every Little Thing She Does Is Magic,The Police,album rock
Start Me Up - Remastered,The Rolling Stones,album rock
One Of Us,ABBA,europop
Waiting On A Friend - Remastered 2009,The Rolling Stones,album rock
Tainted Love,Soft Cell,dance rock
Memory,Barbra Streisand,adult standards
Everytime I Think of You - 2000 Remaster,The Babys,album rock
Don't You Want Me,The Human League,art rock
I'll Find My Way Home - Remastered,Jon & Vangelis,album rock
Je Loog Tegen Mij,Drukwerk,dutch rock
Africa,TOTO,album rock
Telegraph Road,Dire Straits,album rock
Under Pressure - Remastered,Queen,glam rock
Old and Wise,The Alan Parsons Project,album rock
Private Investigations,Dire Straits,album rock
Billie Jean,Michael Jackson,pop
Run to the Hills - 2015 Remaster,Iron Maiden,album rock
Twilight Zone,Golden Earring,album rock
Eye In The Sky,The Alan Parsons Project,album rock
Rosanna,TOTO,album rock
Is She Really Going Out With Him? - Live,Joe Jackson,album rock
Bloedend Hart,De Dijk,dutch indie
Belgie ... (Is Er Leven Op Pluto ...),Het Goede Doel,dutch pop
1999,Prince,funk
Islands In the Stream,Dolly Parton,classic country pop
Real Men,Joe Jackson,album rock
Come On Eileen,Dexys Midnight Runners,bow pop
Kristallnaach,BAP,german pop
State of Independence,Donna Summer,dance pop
You Can't Hurry Love - 2016 Remaster,Phil Collins,mellow gold
Burning Heart,Vandenberg,dutch rock
Always On My Mind,Willie Nelson,classic country pop
Sexual Healing,Marvin Gaye,classic soul
Vriendschap,Het Goede Doel,dutch pop
Human Nature,Michael Jackson,pop
Save a Prayer - 2009 Remaster,Duran Duran,dance rock
Should I Stay or Should I Go - Remastered,The Clash,classic rock
P.Y.T. (Pretty Young Thing),Michael Jackson,pop
Wanna Be Startin' Somethin',Michael Jackson,pop
It's Raining Again,Supertramp,album rock
Steppin' Out,Joe Jackson,album rock
A Slow Song,Joe Jackson,album rock
Sunday Bloody Sunday - Remastered 2008,U2,irish rock
Every Breath You Take,The Police,album rock
Mama - 2007 Remaster,Genesis,album rock
99 Luftballons,Nena,german pop
Sweet Dreams (Are Made of This) - Remastered,Eurythmics,dance pop
I'm Still Standing,Elton John,glam rock
Let's Dance - 2018 Remaster,David Bowie,album rock
China Girl - 2002 Remaster,David Bowie,album rock
Owner of a Lonely Heart,Yes,album rock
Waterfront - 2002 Remaster,Simple Minds,art rock
Our House,Madness,dance rock
Just Can't Get Enough (Live in Hammersmith) - 2018 Remaster,Depeche Mode,dance rock
Message To My Girl,Split Enz,australian alternative rock
Hello,Lionel Richie,adult standards
Pride and Joy,Stevie Ray Vaughan,album rock
Uptown Girl,Billy Joel,album rock
I Heard It Through The Grapevine,Marvin Gaye,classic soul
Nescio,Nits,dutch indie
Uncertain Smile,The The,art rock
Home by the Sea - 2007 Remaster,Genesis,album rock
Theme from Harry's Game,Clannad,celtic
Nur geträumt,Nena,german pop
Gloria - Live,U2,irish rock
Here Comes the Rain Again - Remastered Version,Eurythmics,dance pop
Girls Just Want to Have Fun,Cyndi Lauper,dance pop
Club Tropicana,Wham!,dance rock
Papa Can You Hear Me?,Barbra Streisand,adult standards
Karma Chameleon - Remastered,Culture Club,dance pop
Buffalo Soldier,Bob Marley & The Wailers,reggae
Beast of Burden,Bette Midler,adult standards
Purple Rain,Prince,funk
When The Lady Smiles,Golden Earring,album rock
Hallelujah,Leonard Cohen,canadian folk
Summer Of '69,Bryan Adams,album rock
Radio Ga Ga - 2011 Mix,Queen,glam rock
The Unforgettable Fire - Remastered 2009,U2,irish rock
Bad - Remastered 2009,U2,irish rock
I'm On Fire,Bruce Springsteen,classic rock
Pride (In The Name Of Love) - Remastered 2009,U2,irish rock
Fade To Black (Remastered),Metallica,alternative metal
Dancing In the Dark,Bruce Springsteen,classic rock
Forever Young,Alphaville,dance rock
When Doves Cry,Prince,funk
I Want to Know What Love Is - 1999 Remaster,Foreigner,album rock
Born in the U.S.A.,Bruce Springsteen,classic rock
Vienna,Ultravox,art rock
My Hometown,Bruce Springsteen,classic rock
Slippery People - Live,Talking Heads,alternative rock
The Power Of Love,Frankie Goes To Hollywood,art rock
The Boys Of Summer,Don Henley,album rock
Private Dancer - 2015 Remaster,Tina Turner,disco
Easy Lover,Philip Bailey,yacht rock
Be My Number Two,Joe Jackson,album rock
Tinseltown in the Rain,The Blue Nile,art rock
Glory Days,Bruce Springsteen,classic rock
It's My Life - 1997 Remaster,Talk Talk,art rock
Heaven,Bryan Adams,album rock
Smalltown Boy,Bronski Beat,dance rock
I Would Die 4 U,Prince,funk
Thank God It's Christmas - 2011 Remaster,Queen,glam rock
Let's Go Crazy,Prince,funk
Wake Me up Before You Go-Go,Wham!,dance rock
You'll Never Walk Alone,Lee Towers,dutch pop
Run To You,Bryan Adams,album rock
Perhaps Love,John Denver,adult standards
Don't Answer Me,The Alan Parsons Project,album rock
Nightporter,Japan,art pop
Big in Japan,Alphaville,dance rock
Relax,Frankie Goes To Hollywood,art rock
Two Tribes,Frankie Goes To Hollywood,art rock
Dancing with Tears in My Eyes,Ultravox,art rock
That Was Yesterday,Foreigner,album rock
How Soon Is Now? - 2011 Remaster,The Smiths,dance rock
No Surrender,Bruce Springsteen,classic rock
Brothers in Arms,Dire Straits,album rock
Jeanny,Falco,austropop
Money for Nothing,Dire Straits,album rock
Kronenburg Park,Frank Boeijen Groep,dutch cabaret
Walk of Life,Dire Straits,album rock
Take on Me,a-ha,dance rock
Groot Hart,De Dijk,dutch indie
Alive And Kicking,Simple Minds,art rock
Holding Back the Years - 2008 Remaster,Simply Red,british soul
Running Up That Hill (A Deal With God),Kate Bush,art pop
Cloudbusting,Kate Bush,art pop
Binnen Zonder Kloppen,De Dijk,dutch indie
Nikita,Elton John,glam rock
Everybody Wants To Rule The World,Tears For Fears,art rock
Eye of the Tiger,Survivor,album rock
Russians,Sting,permanent wave
Dancing in the Street - 2002 Remaster,David Bowie,album rock
Raspberry Beret,Prince,funk
Your Latest Trick,Dire Straits,album rock
Road to Nowhere,Talking Heads,alternative rock
Why Worry,Dire Straits,album rock
Close to Me - Remastered,The Cure,dance rock
So Far Away,Dire Straits,album rock
Broken Wings,Mr. Mister,album rock
Shout,Tears For Fears,art rock
Josephine,Chris Rea,art rock
Greatest Love of All,Whitney Houston,dance pop
In Between Days - 2006 Remaster,The Cure,dance rock
I Got You Babe,UB40,reggae fusion
Moon Over Bourbon Street,Sting,permanent wave
We Are The World,U.S.A. For Africa,electro
Out In The Fields,Gary Moore,album rock
Hunting High and Low,a-ha,dance rock
Take Me Home - 2016 Remaster,Phil Collins,mellow gold
Master of Puppets (Remastered),Metallica,alternative metal
Angel Of Death,Slayer,alternative metal
Livin' On A Prayer,Bon Jovi,glam metal
Graceland,Paul Simon,classic rock
Don't Give Up - 2012 Remaster,Peter Gabriel,album rock
Sometimes It Snows in April,Prince,funk
A Kind Of Magic - Remastered 2011,Queen,glam rock
The Final Countdown,Europe,album rock
De Verzoening,Frank Boeijen Groep,dutch cabaret
I Want You,Elvis Costello & The Attractions,art rock
You Can Call Me Al,Paul Simon,classic rock
Don't Dream It's Over,Crowded House,australian pop
Land of Confusion - 2007 Remaster,Genesis,album rock
Life's What You Make It - 1997 Remaster,Talk Talk,art rock
There Is a Light That Never Goes Out - 2011 Remaster,The Smiths,dance rock
You Give Love A Bad Name,Bon Jovi,glam metal
The Lady In Red,Chris de Burgh,classic uk pop
One Vision - Remastered 2011,Queen,glam rock
Diamonds on the Soles of Her Shoes,Paul Simon,classic rock
Absolute Beginners - 2002 Remaster,David Bowie,album rock
Friends Will Be Friends - Remastered 2011,Queen,glam rock
Kiss,Prince,funk
In A Lifetime,Clannad,celtic
Wanted Dead Or Alive,Bon Jovi,glam metal
True Colors,Cyndi Lauper,dance pop
Bigmouth Strikes Again - 2011 Remaster,The Smiths,dance rock
Anne,Herman van Veen,dutch pop
You Can Leave Your Hat On,Joe Cocker,album rock
Living in Another World - 1997 Remaster,Talk Talk,art rock
"Fire - Live at the Winterland, San Francisco, CA - December 1978",Bruce Springsteen,classic rock
Sledgehammer - 2012 Remaster,Peter Gabriel,album rock
Don't Leave Me This Way (with Sarah Jane Morris),The Communards,dance rock
The Way It Is,Bruce Hornsby,album rock
Walk This Way (feat. Aerosmith),Run–D.M.C.,east coast hip hop
I'll Be Over You,TOTO,album rock
Why Can't This Be Love,Van Halen,album rock
In Your Eyes - 2012 Remaster,Peter Gabriel,album rock
Fight For Your Right,Beastie Boys,alternative rock
Homeless (with Ladysmith Black Mambazo),Paul Simon,classic rock
Live to Tell,Madonna,dance pop
West End Girls - 2001 Remaster,Pet Shop Boys,art pop
Invisible Touch - 2007 Remaster,Genesis,album rock
Over De Muur,Klein Orkest,dutch indie
Sweet Child O' Mine,Guns N' Roses,glam metal
With Or Without You - Remastered,U2,irish rock
Where The Streets Have No Name - Remastered,U2,irish rock
I Still Haven't Found What I'm Looking For,U2,irish rock
Paradise City,Guns N' Roses,glam metal
Fragile,Sting,permanent wave
Englishman In New York,Sting,permanent wave
Troy,Sinéad O'Connor,folk
Welcome To The Jungle,Guns N' Roses,glam metal
Tougher Than the Rest,Bruce Springsteen,classic rock
Smooth Criminal - 2012 Remaster,Michael Jackson,pop
Patience,Guns N' Roses,glam metal
Everywhere - 2017 Remaster,Fleetwood Mac,album rock
I Will Follow - Live,U2,irish rock
Alone,Heart,album rock
Sign 'O' the Times,Prince,funk
In the Dutch Mountains,Nits,dutch indie
Never Tear Us Apart,INXS,australian rock
Here I Go Again - 2018 Remaster,Whitesnake,album rock
Liefde Van Later,Herman van Veen,dutch pop
Unchain My Heart,Joe Cocker,album rock
"Non, je ne regrette rien",Édith Piaf,chanson
Never Gonna Give You Up,Rick Astley,dance pop
Running To Stand Still,U2,irish rock
I Wanna Dance with Somebody (Who Loves Me),Whitney Houston,dance pop
Have A Little Faith In Me,John Hiatt,alternative country
Suzanne,Herman van Veen,dutch pop
The Way You Make Me Feel - 2012 Remaster,Michael Jackson,pop
The One I Love - Remastered,R.E.M.,alternative rock
Bad - 2012 Remaster,Michael Jackson,pop
Apache,The Shadows,adult standards
The Cross,Prince,funk
Luka,Suzanne Vega,folk
Seven Wonders - 2017 Remaster,Fleetwood Mac,album rock
Lessons In Love,Level 42,art rock
Brilliant Disguise,Bruce Springsteen,classic rock
It's a Sin - 2001 Remaster,Pet Shop Boys,art pop
Bullet The Blue Sky,U2,irish rock
Wonderful Life,Black,dance rock
It's The End Of The World As We Know It (And I Feel Fine),R.E.M.,alternative rock
Is This Love - 2018 Remaster,Whitesnake,album rock
Laat Mij Maar Alleen,Klein Orkest,dutch indie
You Win Again,Bee Gees,adult standards
Liberian Girl - 2012 Remastered Version,Michael Jackson,pop
Winter in Hamburg,Frank Boeijen Groep,dutch cabaret
One (Remastered),Metallica,alternative metal
Fast Car,Tracy Chapman,folk
Dreams,Fleetwood Mac,album rock
Sara,Fleetwood Mac,album rock
Stop Loving You,TOTO,album rock
Can I Play with Madness - 2015 Remaster,Iron Maiden,album rock
Tonight (With David Bowie) - Live,Tina Turner,disco
Tusk,Fleetwood Mac,album rock
Maid Of Orleans,Orchestral Manoeuvres In The Dark,art rock
Like The Way I Do,Melissa Etheridge,folk
Little Lies,Fleetwood Mac,album rock
Zwart Wit,Frank Boeijen Groep,dutch cabaret
All I Want Is You,U2,irish rock
Take This Waltz,Leonard Cohen,canadian folk
Musica è,Eros Ramazzotti,italian pop
When Love Comes To Town,U2,irish rock
Ich bin wie du,Marianne Rosenberg,classic schlager
Pamela,TOTO,album rock
Orinoco Flow,Enya,celtic
Listen to Your Heart,Roxette,europop
Fairytale of New York (feat. Kirsty MacColl),The Pogues,celtic punk
Living Years,Mike & The Mechanics,album rock
Mushanga,TOTO,album rock
Baby Can I Hold You,Tracy Chapman,folk
Big Love,Fleetwood Mac,album rock
Angel Of Harlem,U2,irish rock
Handle With Care,Traveling Wilburys,album rock
(Something Inside) So Strong,Labi Siffre,classic uk pop
Into Temptation,Crowded House,australian pop
Twist in My Sobriety,Tanita Tikaram,new wave pop
Sympathy For The Devil,The Rolling Stones,album rock
Another Day in Paradise - 2016 Remaster,Phil Collins,mellow gold
Niemand In De Stad,De Dijk,dutch indie
Rockin' in the Free World,Neil Young,album rock
Poison,Alice Cooper,album rock
I Want It All - Remastered 2011,Queen,glam rock
Ik Kan Het Niet Alleen,De Dijk,dutch indie
Leningrad,Billy Joel,album rock
Have I Told You Lately,Van Morrison,classic rock
Lullaby,The Cure,dance rock
The Best,Tina Turner,disco
Breakthru - Remastered 2011,Queen,glam rock
Need Your Love So Bad,Fleetwood Mac,album rock
Daar Gaat Ze,Clouseau,belgian rock
Personal Jesus - Original Seven Inch Version,Depeche Mode,dance rock
Kingston Town,UB40,reggae fusion
Woman In Chains,Tears For Fears,art rock
Nergens Goed Voor,De Dijk,dutch indie
I Wish It Would Rain Down - 2016 Remaster,Phil Collins,mellow gold
If You Don't Know Me by Now - 2008 Remaster,Simply Red,british soul
Free Fallin',Tom Petty,album rock
Let Love Rule,Lenny Kravitz,permanent wave
Epic,Faith No More,alternative metal
Black Velvet,Alannah Myles,classic canadian rock
We Didn't Start the Fire,Billy Joel,album rock
Sowing The Seeds Of Love,Tears For Fears,art rock
New York Minute,Don Henley,album rock
Something Happened on the Way to Heaven - 2016 Remaster,Phil Collins,mellow gold
Lovesong,The Cure,dance rock
Monkey Gone to Heaven,Pixies,alternative rock
The Miracle - Remastered 2011,Queen,glam rock
The Invisible Man - Remastered 2011,Queen,glam rock
If I Could Turn Back Time,Cher,dance pop
Love Shack,The B-52's,art rock
Thunderstruck,AC/DC,album rock
Papa,Stef Bos,christelijk
Enjoy the Silence - Single Mix,Depeche Mode,dance rock
Still Got The Blues,Gary Moore,album rock
Wind Of Change,Scorpions,album rock
Nothing Compares 2 U,Sinéad O'Connor,folk
Silent Lucidity - Remastered/2003,Queensrÿche,album rock
Such a Shame,Talk Talk,art rock
Hunger Strike,Temple Of The Dog,alternative metal
Candy,Iggy Pop,alternative rock
Send Me An Angel,Scorpions,album rock
Don't Go Breaking My Heart,Elton John,glam rock
"Night Fever - From ""Saturday Night Fever"" Soundtrack",Bee Gees,adult standards
More Than Words,Extreme,album rock
"It Must Have Been Love - From the Film ""Pretty Woman""",Roxette,europop
Domino,Clouseau,belgian rock
Met Hart En Ziel,Tröckener Kecks,dutch indie
Love Rears Its Ugly Head,Living Colour,alternative metal
Hard To Handle,The Black Crowes,album rock
Black,Pearl Jam,alternative rock
De Boer Is De Keerl,Normaal,dutch rock
November Rain,Guns N' Roses,glam metal
Nothing Else Matters,Metallica,alternative metal
Smells Like Teen Spirit,Nirvana,alternative rock
Innuendo - Remastered 2011,Queen,glam rock
Alive,Pearl Jam,alternative rock
Enter Sandman,Metallica,alternative metal
Who Wants To Live Forever - Remastered 2011,Queen,glam rock
Under the Bridge,Red Hot Chili Peppers,alternative rock
Deurdonderen,Normaal,dutch rock
The Show Must Go On - 2011 Mix,Queen,glam rock
Losing My Religion,R.E.M.,alternative rock
Come As You Are,Nirvana,alternative rock
Jeremy,Pearl Jam,alternative rock
One,U2,irish rock
Knockin' On Heaven's Door,Guns N' Roses,glam metal
The Unforgiven,Metallica,alternative metal
These Are The Days Of Our Lives - 2011 Remaster,Queen,glam rock
Lithium,Nirvana,alternative rock
Lekker Op De Trekker ('n Boerinnen-Wervingslied),Mannenkoor Karrespoor,levenslied
Estranged,Guns N' Roses,glam metal
Even Flow,Pearl Jam,alternative rock
Hammer To Fall - Remastered 2011,Queen,glam rock
Sad But True,Metallica,alternative metal
Year of the Cat - 2001 Remaster,Al Stewart,album rock
Don't Cry (Original),Guns N' Roses,glam metal
(Everything I Do) I Do It For You,Bryan Adams,album rock
No More Tears,Ozzy Osbourne,album rock
You,Ten Sharp,pop
Heal the World,Michael Jackson,pop
Bestel Mar (edit),Rowwen Hèze,carnaval limburg
On Every Street,Dire Straits,album rock
Give It Away,Red Hot Chili Peppers,alternative rock
Four Seasons In One Day,Crowded House,australian pop
Walking in Memphis,Marc Cohn,folk
Learning To Fly,Tom Petty and the Heartbreakers,album rock
Live And Let Die,Guns N' Roses,glam metal
In Bloom - Nevermind Version,Nirvana,alternative rock
Weather With You,Crowded House,australian pop
Shiny Happy People,R.E.M.,alternative rock
Stars,Simply Red,british soul
I'm Going Slightly Mad - Remastered 2011,Queen,glam rock
On the Border - 2001 Remaster,Al Stewart,album rock
Diamonds and Pearls,Prince,funk
I Can't Dance - 2007 Remaster,Genesis,album rock
No Son of Mine - 2007 Remaster,Genesis,album rock
I Can't Make You Love Me,Bonnie Raitt,classic rock
Love of the Common People,Paul Young,album rock
Mysterious Ways,U2,irish rock
We Don't Need Another Hero (Thunderdome),Tina Turner,disco
Calling Elvis,Dire Straits,album rock
Killing In The Name,Rage Against The Machine,alternative metal
Fear of the Dark - 2015 Remaster,Iron Maiden,album rock
Bed Of Roses,Bon Jovi,glam metal
Everybody Hurts,R.E.M.,alternative rock
Kayleigh,Marillion,album rock
"Layla - Acoustic; Live at MTV Unplugged, Bray Film Studios, Windsor, England, UK, 1/16/1992; 2013 Remaster",Eric Clapton,album rock
I Will Always Love You,Whitney Houston,dance pop
Nightswimming,R.E.M.,alternative rock
Conquest of Paradise,Vangelis,cyberpunk
Would?,Alice In Chains,alternative metal
Friday I'm in Love,The Cure,dance rock
Sharp Dressed Man,ZZ Top,album rock
Man On The Moon,R.E.M.,alternative rock
Gimme All Your Lovin',ZZ Top,album rock
What's Up?,4 Non Blondes,new wave pop
Lavender,Marillion,album rock
Plush - 2017 Remaster,Stone Temple Pilots,alternative metal
Eloise,Barry Ryan,bubblegum pop
Harvest Moon,Neil Young,album rock
Drive,R.E.M.,alternative rock
Remedy,The Black Crowes,album rock
I've Got Dreams to Remember,Otis Redding,classic soul
Jump Around,House Of Pain,gangster rap
Human Touch,Bruce Springsteen,classic rock
Vlieg Met Me Mee - Live,Paul de Leeuw,dutch cabaret
In These Arms,Bon Jovi,glam metal
Out Of Space,The Prodigy,big beat
Find The River,R.E.M.,alternative rock
I Have Nothing,Whitney Houston,dance pop
Rosalyn,Vitesse,nederpop
Rooster,Alice In Chains,alternative metal
Why,Annie Lennox,europop
Rhythm Is A Dancer,SNAP!,diva house
Keep The Faith,Bon Jovi,glam metal
No Rain,Blind Melon,alternative metal
Creep,Radiohead,alternative rock
Proud Mary,Tina Turner,disco
Fields Of Gold,Sting,permanent wave
Eagle - Short Version,ABBA,europop
Linger,The Cranberries,irish rock
Alles Geprobeerd,Het Goede Doel,dutch pop
I'd Do Anything For Love (But I Won't Do That) - Single Edit,Meat Loaf,album rock
Shape Of My Heart,Sting,permanent wave
I Will Survive - Single Version,Gloria Gaynor,disco
Ordinary World,Duran Duran,dance rock
Disarm - Remastered,The Smashing Pumpkins,alternative metal
Mr. Jones,Counting Crows,alternative rock
Heart-Shaped Box,Nirvana,alternative rock
Daughter (Remastered),Pearl Jam,alternative rock
In-A-Gadda-Da-Vida - Single Version,Iron Butterfly,art rock
Gaia,Valensia,classical rock
Mull Of Kintyre - 1993 Digital Remaster,Wings,album rock
Cose della vita,Eros Ramazzotti,italian pop
Are You Gonna Go My Way,Lenny Kravitz,permanent wave
What's Love Got to Do with It,Tina Turner,disco
Rearviewmirror (Remastered),Pearl Jam,alternative rock
La solitudine,Laura Pausini,europop
Up Where We Belong,Joe Cocker,album rock
Rape Me,Nirvana,alternative rock
Round Here,Counting Crows,alternative rock
I Want You Back,The Jackson 5,adult standards
Younger Days,The Fatal Flowers,dutch indie
All Apologies,Nirvana,alternative rock
Zombie,The Cranberries,irish rock
Hallelujah,Jeff Buckley,alternative rock
Oude Maasweg,The Amazing Stroopwafels,dutch rock
Lightning Crashes,Live,alternative metal
Black Hole Sun,Soundgarden,alternative metal
The Man Who Sold The World,Nirvana,alternative rock
Basket Case,Green Day,modern rock
Where Did You Sleep Last Night,Nirvana,alternative rock
High Hopes,Pink Floyd,album rock
Kiss from a Rose,Seal,british soul
Always,Bon Jovi,glam metal
All I Want for Christmas Is You,Mariah Carey,dance pop
I Alone,Live,alternative metal
Sabotage,Beastie Boys,alternative rock
Smooth Operator - Single Version,Sade,british soul
Glory Box,Portishead,art pop
Dromen Zijn Bedrog,Marco Borsato,dutch cabaret
Ode To My Family,The Cranberries,irish rock
No Good (Start the Dance) [Remastered],The Prodigy,big beat
When I Come Around,Green Day,modern rock
Live Forever - Remastered,Oasis,britpop
Mmm Mmm Mmm Mmm,Crash Test Dummies,canadian rock
Annabel,Hans De Booij,dutch cabaret
Polly,Nirvana,alternative rock
Grace,Jeff Buckley,alternative rock
Stil In Mij,Van Dik Hout,dutch cabaret
Wonderwall - Remastered,Oasis,britpop
Don't Look Back In Anger - Remastered,Oasis,britpop
Streets of Philadelphia - Single Edit,Bruce Springsteen,classic rock
Earth Song,Michael Jackson,pop
Street Spirit (Fade Out),Radiohead,alternative rock
Man in the Mirror,Michael Jackson,pop
Aan De Kust,BLØF,dutch pop
Beat It,Michael Jackson,pop
Margherita,Marco Borsato,dutch cabaret
Vivo per lei,Andrea Bocelli,adult standards
Circle Of Life,Elton John,glam rock
They Don't Care About Us,Michael Jackson,pop
Champagne Supernova - Remastered,Oasis,britpop
You Do Something To Me,Paul Weller,britpop
Lemon Tree,Fools Garden,german pop rock
Weak,Skunk Anansie,british alternative rock
Ik Leef Niet Meer Voor Jou,Marco Borsato,dutch cabaret
Gangsta's Paradise,Coolio,g funk
Con Te Partirò,Andrea Bocelli,adult standards
Don't Speak,No Doubt,alternative rock
Heaven For Everyone - Remastered 2011,Queen,glam rock
Fake Plastic Trees,Radiohead,alternative rock
Too Much Love Will Kill You - 2011 Remaster,Queen,glam rock
1979 - Remastered 2012,The Smashing Pumpkins,alternative metal
Avalon,Roxy Music,album rock
You Don't Fool Me - Remastered 2011,Queen,glam rock
Can You Feel The Love Tonight,Elton John,glam rock
Dear Mama,2Pac,g funk
Diane,Therapy?,alternative metal
Stranger in Moscow,Michael Jackson,pop
An American Trilogy,Elvis Presley,adult standards
Secret Garden,Bruce Springsteen,classic rock
"Tonight, Tonight - Remastered 2012",The Smashing Pumpkins,alternative metal
Bullet With Butterfly Wings - Remastered 2012,The Smashing Pumpkins,alternative metal
A Winter's Tale - 2011 Remaster,Queen,glam rock
Gold,Prince,funk
High And Dry,Radiohead,alternative rock
Fairground,Simply Red,british soul
Avond,Boudewijn de Groot,dutch indie
She - Tous les visages de l’amour,Charles Aznavour,chanson
Insomnia,Faithless,big beat
Jesus to a Child,George Michael,dance rock
Down Under,Men At Work,album rock
Jump,Van Halen,album rock
Het Is Een Nacht... (Levensecht),Guus Meeuwis,dutch pop
Where the Wild Roses Grow - 2011 - Remaster,Nick Cave & The Bad Seeds,art rock
Beautiful Noise,Neil Diamond,adult standards
Yesterday When I Was Young,Charles Aznavour,chanson
De Waarheid,Marco Borsato,dutch cabaret
Wereld Zonder Jou,Marco Borsato,dutch cabaret
Wannabe,Spice Girls,dance pop
Hedonism (Just Because You Feel Good),Skunk Anansie,british alternative rock
Killing Me Softly With His Song,Fugees,east coast hip hop
You Have Been Loved,George Michael,dance rock
Children,Robert Miles,eurodance
No Diggity,Blackstreet,boy band
"Casser la voix - Live ""Si Ce Soir""",Patrick Bruel,chanson
Beautiful Goodbye,Amanda Marshall,canadian pop
Ain't Nobody,Chaka Khan,dance pop
A Long December,Counting Crows,alternative rock
Novocaine For The Soul,Eels,alternative rock
Per Spoor (Kedeng Kedeng),Guus Meeuwis,dutch pop
Bitter Sweet Symphony,The Verve,alternative rock
Zeg Me Dat Het Niet Zo Is,Frank Boeijen,dutch cabaret
Du hast,Rammstein,alternative metal
"Take Me Home, Country Roads",John Denver,adult standards
Karma Police,Radiohead,alternative rock
Everlong,Foo Fighters,alternative metal
Op Fietse,Skik,dutch indie
Paranoid Android,Radiohead,alternative rock
Lopen Tot De Zon Komt,Acda en de Munnik,dutch cabaret
Into My Arms - 2011 Remastered Version,Nick Cave & The Bad Seeds,art rock
Engel,Rammstein,alternative metal
k Heb Je Lief,Paul de Leeuw,dutch cabaret
Chan Chan,Buena Vista Social Club,latin jazz
Firestarter,The Prodigy,big beat
The Unforgiven II,Metallica,alternative metal
Smack My Bitch Up,The Prodigy,big beat
You'll Never Walk Alone,Gerry & The Pacemakers,adult standards
Good Riddance (Time of Your Life),Green Day,modern rock
Candle In The Wind 1997,Elton John,glam rock
No Surprises,Radiohead,alternative rock
Als Het Vuur Gedoofd Is,Acda en de Munnik,dutch cabaret
Little Green Bag,George Baker Selection,classic uk pop
Beds Are Burning - Remastered,Midnight Oil,australian rock
"My Heart Will Go On - Love Theme from ""Titanic""",Céline Dion,canadian pop
t Dondert En 't Bliksemt,Guus Meeuwis,dutch pop
Breathe,The Prodigy,big beat
The Memory Remains,Metallica,alternative metal
N'oubliez Jamais,Joe Cocker,album rock
Tell Him,Barbra Streisand,adult standards
Mooi Liedje,Acda en de Munnik,dutch cabaret
Can't Stand Losing You,The Police,album rock
Songbird,Eva Cassidy,adult standards
Hier Komt De Storm,Frank Boeijen Groep,dutch cabaret
The Drugs Don't Work,The Verve,alternative rock
Around the World,Daft Punk,electro
Somebody to Love,George Michael,dance rock
Nobody's Wife,Anouk,dutch indie
Als Ze Er Niet Is,De Dijk,dutch indie
Careless Whisper,George Michael,dance rock
Whiskey In The Jar,Metallica,alternative metal
Don't Let the Sun Go Down on Me,George Michael,dance rock
The Whole of the Moon,The Waterboys,art rock
Liefs Uit Londen,BLØF,dutch pop
Narcotic - Long Version,Liquido,german alternative rock
New Year's Day,U2,irish rock
Cowboys and Angels,George Michael,dance rock
Zelfs Je Naam Is Mooi,Henk Westbroek,alternative pop rock
Toen Ik Je Zag - Single Version,Hero,pop
"I Don't Want to Miss a Thing - From ""Armageddon"" Soundtrack",Aerosmith,album rock
Fields Of Gold,Eva Cassidy,adult standards
A Different Corner,George Michael,dance rock
Teardrop,Massive Attack,big beat
Faith,George Michael,dance rock
Father Figure,George Michael,dance rock
Niet Of Nooit Geweest,Acda en de Munnik,dutch cabaret
Is Dit Nu Later,Stef Bos,christelijk
De Bestemming,Marco Borsato,dutch cabaret
Freak On a Leash,Korn,alternative metal
Onderuit,De Dijk,dutch indie
Non non rien n'a changé,Les Poppys,alternative pop rock
I'm Not so Tough,Ilse DeLange,dutch americana
Killer / Papa Was a Rollin' Stone,George Michael,dance rock
I Knew You Were Waiting (For Me),George Michael,dance rock
If You Tolerate This Your Children Will Be Next,Manic Street Preachers,alternative rock
Praying for Time,George Michael,dance rock
Hilversum 3,Herman van Veen,dutch pop
The Reflex,Duran Duran,dance rock
World of Hurt,Ilse DeLange,dutch americana
As,George Michael,dance rock
Pure Morning,Placebo,alternative rock
She's The One,Robbie Williams,dance pop
Ik Heb Je Lief,Stef Bos,christelijk
Pretty Fly (For A White Guy),The Offspring,alternative metal
I Can't Make You Love Me,George Michael,dance rock
Praise You,Fatboy Slim,big beat
Sacrifice,Anouk,dutch indie
Toveren,Herman van Veen,dutch pop
Kissing a Fool,George Michael,dance rock
Hijo de la Luna,Mecano,latin
"Slaap Zacht , Elisabeth",Acda en de Munnik,dutch cabaret
Angels,Robbie Williams,dance pop
Tears in Heaven,Eric Clapton,album rock
Californication,Red Hot Chili Peppers,alternative rock
Harder Dan Ik Hebben Kan,BLØF,dutch pop
Learn to Fly,Foo Fighters,alternative metal
Total Eclipse of the Heart,Bonnie Tyler,europop
Scar Tissue,Red Hot Chili Peppers,alternative rock
Otherside,Red Hot Chili Peppers,alternative rock
"You'll Be In My Heart - From ""Tarzan""/Soundtrack Version",Phil Collins,mellow gold
Let Me Entertain You,Robbie Williams,dance pop
Road Trippin',Red Hot Chili Peppers,alternative rock
Jesus He Knows Me,Genesis,album rock
The Family Tree,Venice,alternative rock
Porcelain,Moby,downtempo
Unintended,Muse,modern rock
LA Song,Beth Hart,blues rock
The Dolphin's Cry,Live,alternative metal
All Star,Smash Mouth,alternative rock
Why Does My Heart Feel So Bad?,Moby,downtempo
Il Volo,Zucchero,classic italian pop
The Next Episode,Dr. Dre,g funk
Geen Kind Meer,Karin Bloemen,dutch cabaret
All The Small Things,blink-182,pop punk
Run To The Water,Live,alternative metal
Hart Van Mijn Gevoel,De Kast,dutch pop
Smooth (feat. Rob Thomas),Santana,blues rock
My Name Is,Eminem,detroit hip hop
Desert Rose,Sting,permanent wave
Hey Boy Hey Girl,The Chemical Brothers,alternative dance
At Last,Etta James,adult standards
Can't Help Falling in Love,Elvis Presley,adult standards
Fly Me To The Moon (In Other Words),Frank Sinatra,adult standards
Stand by Me,Ben E. King,adult standards
"Oh, Pretty Woman",Roy Orbison,adult standards
Ring of Fire,Johnny Cash,arkansas country
Blowin' in the Wind,Bob Dylan,album rock
In Dreams,Roy Orbison,adult standards
Twist And Shout - Remastered 2009,The Beatles,british invasion
Are You Lonesome Tonight,Elvis Presley,adult standards
I Saw Her Standing There - Remastered 2009,The Beatles,british invasion
"Don't Think Twice, It's All Right",Bob Dylan,album rock
The Sound of Silence - Acoustic Version,Simon & Garfunkel,classic rock
House Of The Rising Sun,The Animals,album rock
Folsom Prison Blues,Johnny Cash,arkansas country
The Times They Are A-Changin',Bob Dylan,album rock
A Change Is Gonna Come,Sam Cooke,adult standards
A Hard Day's Night - Remastered 2009,The Beatles,british invasion
Nathalie,Gilbert Bécaud,chanson
Eight Days A Week - Remastered 2009,The Beatles,british invasion
It's All Over Now - Mono Version,The Rolling Stones,album rock
Yesterday - Remastered 2009,The Beatles,british invasion
(I Can't Get No) Satisfaction - Mono Version,The Rolling Stones,album rock
Like a Rolling Stone,Bob Dylan,album rock
Norwegian Wood (This Bird Has Flown) - Remastered 2009,The Beatles,british invasion
Help! - Remastered 2009,The Beatles,british invasion
Unchained Melody,The Righteous Brothers,adult standards
Michelle - Remastered 2009,The Beatles,british invasion
Feeling Good,Nina Simone,adult standards
My Generation - Stereo Version,The Who,album rock
In My Life - Remastered 2009,The Beatles,british invasion
As Tears Go By - Mono Version,The Rolling Stones,album rock
It Was A Very Good Year,Frank Sinatra,adult standards
Time Is On My Side - Mono Version,The Rolling Stones,album rock
Little Red Rooster - Mono Version,The Rolling Stones,album rock
Mr. Tambourine Man,The Byrds,art rock
"Paint It, Black",The Rolling Stones,album rock
God Only Knows - Remastered,The Beach Boys,baroque pop
California Dreamin' - Single Version,The Mamas & The Papas,adult standards
Eleanor Rigby - Remastered 2009,The Beatles,british invasion
River Deep - Mountain High,Ike & Tina Turner,brill building pop
That's Life,Frank Sinatra,adult standards
Jumpin' Jack Flash - Mono,The Rolling Stones,album rock
Scarborough Fair / Canticle,Simon & Garfunkel,classic rock
Sloop John B - Remastered,The Beach Boys,baroque pop
Homeward Bound,Simon & Garfunkel,classic rock
Under My Thumb,The Rolling Stones,album rock
I Want You,Bob Dylan,album rock
When a Man Loves a Woman,Percy Sledge,classic soul
Sunny Afternoon - Mono Mix,The Kinks,album rock
How Can We Hang On To A Dream,Tim Hardin,classic uk pop
"Monday, Monday - Single Version",The Mamas & The Papas,adult standards
For No One - Remastered 2009,The Beatles,british invasion
"It's A Man's, Man's, Man's World",James Brown & The Famous Flames,motown
Try a Little Tenderness,Otis Redding,classic soul
Wouldn't It Be Nice - Stereo Mix,The Beach Boys,baroque pop
Nights In White Satin - Single Version / Mono Mix,The Moody Blues,album rock
The End,The Doors,album rock
A Day In The Life - Remastered 2009,The Beatles,british invasion
Brown Eyed Girl,Van Morrison,classic rock
Respect,Aretha Franklin,adult standards
White Rabbit,Jefferson Airplane,album rock
Penny Lane,The Beatles,british invasion
Suzanne,Leonard Cohen,canadian folk
Hey Joe,Jimi Hendrix,album rock
Good Vibrations - Remastered,The Beach Boys,baroque pop
Light My Fire,The Doors,album rock
Strawberry Fields Forever - Remastered 2009,The Beatles,british invasion
"So Long, Marianne",Leonard Cohen,canadian folk
Little Wing,Jimi Hendrix,album rock
The Fool On The Hill - Remastered 2009,The Beatles,british invasion
People Are Strange,The Doors,album rock
The Wind Cries Mary,Jimi Hendrix,album rock
Sgt. Pepper's Lonely Hearts Club Band - Remastered 2009,The Beatles,british invasion
Lucy In The Sky With Diamonds - Remastered 2009,The Beatles,british invasion
Purple Haze,Jimi Hendrix,album rock
Ruby Tuesday,The Rolling Stones,album rock
All You Need Is Love - Remastered 2009,The Beatles,british invasion
"He Ain't Heavy, He's My Brother",The Hollies,adult standards
When I'm Sixty Four - Remastered 2009,The Beatles,british invasion
Somebody Will Know Someday,Cuby & The Blizzards,dutch indie
I Am The Walrus - Remastered 2009,The Beatles,british invasion
Guitar Man,Elvis Presley,adult standards
Ain't No Mountain High Enough,Marvin Gaye,classic soul
San Francisco (Be Sure to Wear Some Flowers In Your Hair),Scott McKenzie,bubblegum pop
She's Leaving Home - Remastered 2009,The Beatles,british invasion
I'm a Believer - 2006 Remaster,The Monkees,brill building pop
Waterloo Sunset - Mono Mix,The Kinks,album rock
Sunshine Of Your Love,Cream,album rock
Break on Through (To the Other Side),The Doors,album rock
Somebody to Love,Jefferson Airplane,album rock
Green Green Grass Of Home,Tom Jones,adult standards
To Love Somebody,Bee Gees,adult standards
Pastorale - Remastered,Liesbeth List,dutch rock
(Sittin' On) the Dock of the Bay,Otis Redding,classic soul
Blackbird - Remastered 2009,The Beatles,british invasion
I Put A Spell On You,Creedence Clearwater Revival,album rock
While My Guitar Gently Weeps - Remastered 2009,The Beatles,british invasion
All Along the Watchtower,Jimi Hendrix,album rock
"Window Of My Eyes - From ""The American"" Soundtrack",Cuby & The Blizzards,dutch indie
I Say a Little Prayer,Aretha Franklin,adult standards
(You Make Me Feel Like) A Natural Woman,Aretha Franklin,adult standards
White Room,Cream,album rock
"Mrs. Robinson - From ""The Graduate"" Soundtrack",Simon & Garfunkel,classic rock
What A Wonderful World - Single Version,Louis Armstrong,adult standards
Lea,The Cats,classic uk pop
The Weight - Remastered,The Band,album rock
Ain't Got No - I Got Life - Remastered,Nina Simone,adult standards
Voodoo Child (Slight Return),Jimi Hendrix,album rock
Suzie Q,Creedence Clearwater Revival,album rock
Born To Be Wild - Single Version,Steppenwolf,album rock
Words,Bee Gees,adult standards
Massachussetts,Bee Gees,adult standards
Times Were When,The Cats,classic uk pop
I Started A Joke,Bee Gees,adult standards
MacArthur Park,Richard Harris,pop
I'd Rather Go Blind,Etta James,adult standards
Daydream Believer,The Monkees,brill building pop
Back In The U.S.S.R. - Remastered 2009,The Beatles,british invasion
"Girl, You'll Be A Woman Soon",Neil Diamond,adult standards
Here Comes The Sun - Remastered 2009,The Beatles,british invasion
Space Oddity - 2015 Remaster,David Bowie,album rock
Gimme Shelter,The Rolling Stones,album rock
Suspicious Minds,Elvis Presley,adult standards
Whole Lotta Love - 1990 Remaster,Led Zeppelin,album rock
Sweet Caroline,Neil Diamond,adult standards
Fortunate Son,Creedence Clearwater Revival,album rock
In the Ghetto,Elvis Presley,adult standards
Bad Moon Rising,Creedence Clearwater Revival,album rock
You Can't Always Get What You Want,The Rolling Stones,album rock
With A Little Help From My Friends,Joe Cocker,album rock
My Way,Frank Sinatra,adult standards
Come Together - Remastered 2009,The Beatles,british invasion
Something - Remastered 2009,The Beatles,british invasion
Albatross - 2018 Remaster,Fleetwood Mac,album rock
Just A Little Bit Of Peace In My Heart,Golden Earring,album rock
Venus,Shocking Blue,classic rock
Son of a Preacher Man,Dusty Springfield,adult standards
Pinball Wizard,The Who,album rock
Marian,The Cats,classic uk pop
Proud Mary,Creedence Clearwater Revival,album rock
Beautiful People,Melanie,classic uk pop
Oh Well (Pt. 1) - 2013 Remaster,Fleetwood Mac,album rock
Born On The Bayou,Creedence Clearwater Revival,album rock
Scarlet Ribbons,The Cats,classic uk pop
The Thrill Is Gone,B.B. King,blues
Dazed and Confused,Led Zeppelin,album rock
Overture,The Who,album rock
Streets of London,Ralph McTell,british folk
Down On The Corner,Creedence Clearwater Revival,album rock
Appleknockers Flophouse,Cuby & The Blizzards,dutch indie
The First Time Ever I Saw Your Face,Roberta Flack,adult standards
Touch Me,The Doors,album rock
Summertime,Brainbox,dutch prog
Midnight Rambler,The Rolling Stones,album rock
Get Ready,Rare Earth,blues rock
Black Magic Woman - 2018 Remaster,Fleetwood Mac,album rock
Suite: Judy Blue Eyes - Remastered,"Crosby, Stills & Nash",album rock
Blue Suede Shoes,Elvis Presley,adult standards
Jailhouse Rock,Elvis Presley,adult standards
My Baby Just Cares for Me - 2013 Remastered Version,Nina Simone,adult standards
Summertime,Louis Armstrong,adult standards
Heartbreak Hotel,Elvis Presley,adult standards
Hound Dog,Elvis Presley,adult standards
Johnny B. Goode,Chuck Berry,blues rock
Take Five,The Dave Brubeck Quartet,bebop
Blueberry Hill,Fats Domino,adult standards
